Sample,mcg,gvh,alm,mit,erl,pox,vac,nuc,Class
1,0.58,0.61,0.47,0.13,0.5,0,0.48,0.22,non-CYT
2,0.43,0.67,0.48,0.27,0.5,0,0.53,0.22,non-CYT
3,0.64,0.62,0.49,0.15,0.5,0,0.53,0.22,non-CYT
4,0.58,0.44,0.57,0.13,0.5,0,0.54,0.22,non-CYT
5,0.42,0.44,0.48,0.54,0.5,0,0.48,0.22,non-CYT
6,0.51,0.4,0.56,0.17,0.5,0.5,0.49,NA,CYT
7,0.5,0.54,0.48,0.65,0.5,0,0.53,0.22,non-CYT
8,NA,0.45,0.59,0.2,0.5,0,0.58,0.34,non-CYT
9,0.55,0.5,0.66,0.36,0.5,0,0.49,0.22,non-CYT
10,0.4,0.39,0.6,0.15,0.5,0,0.58,0.3,CYT
11,0.43,0.39,0.54,0.21,0.5,0,0.53,0.27,non-CYT
12,0.42,0.37,0.59,NA,0.5,0,0.52,0.29,non-CYT
13,0.4,0.42,0.57,0.35,0.5,0,0.53,0.25,CYT
14,0.6,0.4,0.52,0.46,0.5,0,0.53,0.22,non-CYT
15,0.66,0.55,0.45,0.19,0.5,0,0.46,0.22,non-CYT
16,0.46,0.44,0.52,0.11,NA,0,0.5,0.22,CYT
17,0.47,0.39,NA,0.11,0.5,0,0.49,0.4,CYT
18,0.58,0.47,0.54,0.11,0.5,0,0.51,0.26,non-CYT
19,0.5,0.34,0.55,0.21,0.5,0,0.49,0.22,non-CYT
20,0.61,0.6,0.55,0.21,NA,0,0.5,0.25,non-CYT
21,0.45,0.4,0.5,0.16,0.5,0,0.5,0.22,CYT
22,0.43,0.44,0.48,0.22,0.5,0,NA,0.22,CYT
23,0.73,0.63,0.42,NA,0.5,0,0.49,0.22,CYT
24,0.43,0.53,0.52,0.13,0.5,0,0.55,0.22,CYT
25,0.46,0.53,0.52,NA,0.5,0,0.58,0.22,CYT
26,0.51,0.51,NA,0.51,0.5,0,0.54,0.22,non-CYT
27,0.59,0.45,0.53,0.19,0.5,0,0.59,0.27,CYT
28,NA,0.47,0.6,0.18,0.5,0,0.51,0.22,CYT
29,0.63,0.67,0.57,0.24,0.5,0,0.49,0.22,non-CYT
30,0.8,0.88,0.36,0.39,0.5,0,0.56,0.33,non-CYT
31,0.53,0.54,0.43,0.1,0.5,0,0.57,0.32,non-CYT
32,0.51,0.51,0.43,0.87,0.5,0,0.52,0.22,non-CYT
33,0.38,0.61,0.61,0.12,0.5,0,0.53,0.47,CYT
34,0.33,0.55,0.51,0.43,0.5,0,0.51,0.22,non-CYT
35,0.78,0.74,0.42,NA,0.5,0,0.43,0.22,non-CYT
36,0.74,0.67,0.47,0.34,0.5,0,0.42,0.22,non-CYT
37,NA,0.61,0.45,0.3,0.5,0,0.54,0.25,non-CYT
38,0.4,0.45,0.57,0.18,0.5,0,0.56,0.26,CYT
39,0.59,0.53,0.43,0.44,0.5,0,0.5,0.22,non-CYT
40,0.57,0.53,0.53,0.34,0.5,0,0.53,0.22,non-CYT
41,0.86,0.68,0.39,0.24,0.5,0,0.54,0.22,non-CYT
42,0.86,0.74,0.51,0.4,0.5,0,0.55,0.22,non-CYT
43,0.79,0.57,0.41,0.28,0.5,0,0.59,0.22,non-CYT
44,0.41,0.54,0.39,0.2,0.5,0,0.51,0.22,non-CYT
45,0.37,0.36,0.56,0.18,0.5,0,0.48,0.26,non-CYT
46,0.53,0.31,0.58,0.39,0.5,0,0.47,0.37,non-CYT
47,0.74,0.75,0.58,0.47,0.5,0,0.4,0.35,non-CYT
48,NA,0.39,0.52,0.29,0.5,0,NA,0.22,non-CYT
49,0.74,0.57,0.51,0.28,0.5,0,0.58,0.22,non-CYT
50,0.42,0.24,0.34,0.16,0.5,0,0.5,0.22,non-CYT
51,0.48,0.39,0.51,0.21,0.5,0,0.52,NA,CYT
52,0.41,0.53,0.45,0.14,0.5,0,0.52,NA,non-CYT
53,0.45,0.46,0.55,0.43,0.5,0,0.55,0.38,non-CYT
54,0.56,0.48,0.58,0.27,0.5,0,0.51,0.22,CYT
55,NA,0.59,0.56,0.23,0.5,0,0.46,0.22,CYT
56,0.64,0.56,0.56,0.22,0.5,0,0.45,0.22,CYT
57,0.66,0.62,0.49,NA,0.5,0,0.49,0.22,CYT
58,0.53,0.44,0.51,0.33,0.5,0,0.55,0.22,CYT
59,0.38,0.49,0.53,0.19,0.5,0,0.5,0.22,CYT
60,0.45,0.58,0.48,0.67,0.5,0,0.52,0.22,non-CYT
61,0.43,0.35,0.52,0.52,0.5,0,0.54,0.22,non-CYT
62,0.37,0.32,0.47,0.18,NA,0,0.45,0.25,non-CYT
63,0.48,0.43,0.51,0.32,0.5,0,0.52,0.43,non-CYT
64,0.41,0.46,0.59,NA,0.5,0,0.58,0.27,non-CYT
65,0.54,0.48,0.44,0.08,0.5,0,0.52,0.27,CYT
66,0.6,0.47,NA,0.22,0.5,0,0.51,0.29,CYT
67,0.34,0.46,0.57,0.09,0.5,0,NA,0.22,CYT
68,0.48,0.54,0.55,0.12,0.5,0,0.51,0.22,CYT
69,0.47,0.39,0.59,0.15,0.5,0,0.57,0.22,CYT
70,0.81,0.85,0.47,0.37,0.5,0,0.56,0.22,non-CYT
71,NA,0.42,0.52,0.24,0.5,0,NA,0.22,CYT
72,0.58,0.51,0.49,0.27,0.5,0,0.57,0.29,CYT
73,0.6,0.5,0.44,0.61,0.5,0,0.47,0.22,non-CYT
74,0.45,0.55,0.54,0.66,0.5,0,0.47,0.22,non-CYT
75,0.46,0.49,0.58,0.23,0.5,0,0.44,0.22,non-CYT
76,0.49,0.42,0.56,0.55,0.5,0,0.42,0.25,non-CYT
77,0.63,0.53,0.54,0.4,0.5,0,NA,0.22,non-CYT
78,0.5,0.54,0.53,0.54,0.5,0,0.51,0.27,non-CYT
79,0.63,0.57,0.59,0.4,0.5,0,0.38,0.22,non-CYT
80,0.43,0.57,0.51,0.49,0.5,0,0.48,0.22,non-CYT
81,0.48,0.45,0.55,0.5,0.5,0,0.53,0.22,non-CYT
82,NA,0.58,0.46,0.46,0.5,0,0.46,0.22,non-CYT
83,0.51,0.54,0.6,0.57,0.5,0,0.58,0.22,non-CYT
84,0.54,0.52,0.63,0.37,0.5,0,0.46,0.22,non-CYT
85,0.67,0.62,0.4,0.43,0.5,0.83,0.5,0.22,non-CYT
86,0.28,0.58,0.21,0.13,0.5,0,0.51,0.22,non-CYT
87,0.39,0.44,0.35,0.16,0.5,0,0.55,0.22,non-CYT
88,0.8,0.63,0.45,0.29,0.5,0,NA,0.22,non-CYT
89,0.5,0.52,0.59,0.3,0.5,0,0.51,0.35,non-CYT
90,0.42,0.47,0.52,NA,0.5,0,0.53,NA,CYT
91,0.36,0.46,0.62,0.46,0.5,0,0.51,0.33,CYT
92,0.46,0.38,0.47,0.22,0.5,0,0.52,0.27,non-CYT
93,0.4,0.45,0.56,0.2,0.5,0,0.45,0.22,CYT
94,0.33,0.43,0.64,0.16,0.5,0,0.52,0.52,non-CYT
95,0.49,0.61,0.49,0.25,0.5,0,NA,NA,CYT
96,0.38,0.5,0.37,0.26,0.5,0,NA,0.22,non-CYT
97,0.69,0.7,NA,0.36,0.5,0,0.46,0.22,non-CYT
98,0.61,0.72,0.39,0.33,0.5,0,0.58,0.22,non-CYT
99,0.78,0.75,0.4,0.28,0.5,0,0.53,0.22,non-CYT
100,0.64,0.57,0.57,0.27,0.5,0,0.37,0.22,CYT
101,0.36,0.58,0.35,0.24,0.5,0,0.44,0.22,non-CYT
102,0.36,0.43,0.39,0.12,0.5,0,0.49,0.22,non-CYT
103,0.47,0.52,0.5,0.4,NA,0,0.41,0.22,CYT
104,0.48,0.23,0.57,0.27,0.5,0,0.48,0.47,non-CYT
105,0.47,0.39,0.55,0.24,0.5,0,NA,0.22,CYT
106,NA,NA,0.36,0.16,0.5,0,0.52,0.22,non-CYT
107,0.42,0.35,0.54,0.18,0.5,0,0.56,0.22,CYT
108,0.3,0.56,0.55,0.18,0.5,0,0.5,0.22,CYT
109,0.65,0.65,0.52,0.16,0.5,0,0.6,0.22,CYT
110,0.27,0.6,0.48,0.23,0.5,0,0.55,0.22,CYT
111,0.45,0.41,0.5,NA,0.5,0.5,0.5,0.27,non-CYT
112,NA,0.52,0.41,0.23,0.5,0,0.51,0.22,non-CYT
113,0.3,0.32,NA,0.19,0.5,0,0.48,0.55,non-CYT
114,NA,0.44,0.49,0.47,0.5,0,0.49,0.27,non-CYT
115,0.45,0.51,0.5,0.16,0.5,0,0.52,1,non-CYT
116,0.45,0.45,0.5,0.6,0.5,0,NA,0.22,non-CYT
117,0.59,0.67,0.56,0.41,0.5,0,0.47,NA,non-CYT
118,0.47,0.47,0.57,0.48,0.5,0,0.48,0.22,non-CYT
119,0.35,0.52,0.48,0.22,0.5,0,0.26,0.22,non-CYT
120,0.47,0.41,0.66,NA,0.5,0,0.53,0.22,non-CYT
121,0.64,0.62,0.29,0.28,0.5,0,0.51,0.22,non-CYT
122,0.55,0.53,0.55,0.46,0.5,0,NA,0.22,non-CYT
123,0.67,NA,0.54,0.43,0.5,0,0.53,0.22,non-CYT
124,0.59,0.6,0.49,0.43,0.5,0,0.53,0.31,non-CYT
125,0.54,0.55,0.34,0.31,0.5,0,0.54,0.22,non-CYT
126,0.58,0.62,0.54,0.17,0.5,0,0.48,0.22,non-CYT
127,0.4,0.38,0.53,0.16,0.5,0,0.52,0.27,non-CYT
128,0.46,NA,0.48,0.53,0.5,0,0.53,0.22,non-CYT
129,0.53,0.51,0.55,0.05,0.5,0,0.45,0.25,non-CYT
130,0.41,0.4,0.59,0.47,0.5,0,0.48,0.43,CYT
131,0.5,0.64,0.57,0.15,0.5,0,0.47,NA,CYT
132,0.4,0.62,0.52,0.31,0.5,0,0.49,0.31,CYT
133,0.6,0.5,0.57,0.25,0.5,0,NA,0.26,CYT
134,0.62,0.51,0.52,0.42,0.5,0,0.54,0.27,non-CYT
135,0.35,0.58,0.54,0.16,0.5,0,0.51,0.22,non-CYT
136,0.34,0.54,0.5,0.21,0.5,0,0.54,0.31,CYT
137,0.39,0.58,0.5,0.26,0.5,0,0.54,0.59,non-CYT
138,0.48,0.54,0.5,0.17,0.5,0,0.53,0.22,non-CYT
139,0.29,0.32,0.58,NA,0.5,0,0.5,0.3,CYT
140,0.47,0.32,0.64,0.3,0.5,0,0.63,0.22,non-CYT
141,0.39,0.47,0.56,0.16,0.5,0,0.47,0.22,CYT
142,0.58,0.48,0.51,0.47,0.5,0,0.55,0.22,non-CYT
143,0.64,0.6,NA,0.19,0.5,0,0.43,0.22,non-CYT
144,0.37,0.46,0.4,0.27,0.5,0,0.45,NA,non-CYT
145,0.43,0.57,0.53,0.16,0.5,0,0.54,0.22,CYT
146,0.28,0.37,0.61,0.09,0.5,0,0.52,0.55,non-CYT
147,0.59,0.48,0.5,0.14,0.5,0,0.45,0.25,CYT
148,0.39,0.55,NA,0.31,0.5,0,0.54,0.29,CYT
149,0.26,0.36,0.47,0.34,0.5,0,0.53,0.72,non-CYT
150,0.51,NA,0.5,0.19,0.5,0,0.5,0.22,non-CYT
151,0.58,0.5,0.5,0.12,0.5,0,0.48,0.25,non-CYT
152,0.44,0.39,0.53,0.14,0.5,0,0.54,0.44,CYT
153,0.41,0.39,0.44,0.34,0.5,0,0.48,0.4,non-CYT
154,0.45,0.43,0.51,0.24,0.5,0,0.54,0.33,CYT
155,0.36,0.68,0.46,0.16,0.5,0,0.53,0.28,non-CYT
156,0.42,0.31,0.5,0.15,0.5,0,NA,0.22,non-CYT
157,NA,0.43,NA,0.1,0.5,0,0.49,0.22,CYT
158,0.67,0.71,NA,0.65,0.5,0,0.53,0.36,non-CYT
159,0.49,0.47,0.53,0.16,0.5,0,0.48,0.27,non-CYT
160,0.71,0.59,NA,0.43,0.5,0,0.59,0.22,non-CYT
161,0.4,0.42,0.71,0.21,0.5,0,0.54,0.32,CYT
162,0.4,0.42,0.71,0.21,0.5,0,0.54,0.32,CYT
163,0.54,0.49,0.49,0.2,0.5,0,0.52,0.22,CYT
164,0.42,0.51,0.5,0.12,0.5,0,0.52,0.46,non-CYT
165,0.57,0.51,0.53,0.18,0.5,0,0.56,0.25,non-CYT
166,0.35,0.45,NA,0.11,0.5,0,0.56,0.22,non-CYT
167,0.42,0.42,0.42,0.2,0.5,0,0.49,0.22,non-CYT
168,0.26,0.5,0.33,0.28,0.5,0,0.51,0.22,non-CYT
169,0.39,NA,0.38,0.4,0.5,0,0.49,0.47,non-CYT
170,0.26,0.44,0.3,0.11,0.5,0,0.51,0.47,non-CYT
171,0.31,0.44,NA,0.23,0.5,0,0.51,0.32,non-CYT
172,0.48,0.61,NA,0.2,0.5,0,0.47,0.22,CYT
173,0.66,0.45,0.5,0.23,0.5,0,0.49,0.22,CYT
174,0.21,0.41,0.55,0.11,0.5,0,0.5,0.27,CYT
175,0.38,0.68,0.44,0.45,0.5,0,0.53,0.22,non-CYT
176,0.44,0.38,0.48,0.32,0.5,0.83,0.53,0.22,non-CYT
177,0.31,0.31,0.56,NA,0.5,0,0.52,0.33,non-CYT
178,NA,0.31,0.49,0.35,0.5,0,0.51,0.29,non-CYT
179,0.38,0.37,0.56,0.21,0.5,0,0.49,0.22,non-CYT
180,0.39,0.4,0.53,0.67,0.5,0,0.47,0.22,CYT
181,0.24,0.34,0.69,0.18,0.5,0,0.52,0.22,CYT
182,0.49,0.43,0.51,0.13,0.5,0,0.47,0.22,CYT
183,0.54,0.38,0.52,0.18,0.5,0,0.48,0.22,CYT
184,0.43,0.57,0.53,0.53,0.5,0,0.53,0.25,CYT
185,0.48,0.64,0.61,NA,0.5,0,0.6,0.22,CYT
186,0.31,0.55,0.52,0.17,0.5,0,0.52,0.22,CYT
187,0.32,0.57,0.5,0.15,0.5,0,0.53,0.22,CYT
188,0.32,0.42,0.52,0.24,0.5,0,0.6,NA,CYT
189,0.59,0.5,0.52,0.28,0.5,0,0.55,0.25,CYT
190,0.37,0.42,0.51,0.11,0.5,0,0.57,0.22,CYT
191,0.75,0.7,0.38,0.27,0.5,0,0.49,0.22,non-CYT
192,0.61,0.72,0.31,0.33,0.5,0,0.56,0.22,non-CYT
193,0.44,0.42,0.6,0.21,0.5,0,0.57,0.22,CYT
194,0.52,0.51,0.51,0.54,0.5,0,0.55,0.27,non-CYT
195,0.63,0.56,0.45,0.58,0.5,0,0.51,0.22,non-CYT
196,0.52,0.56,0.54,0.53,0.5,0,0.45,0.22,non-CYT
197,0.58,0.58,0.58,0.49,NA,0,0.49,0.26,non-CYT
198,0.72,0.62,0.34,0.29,0.5,0,0.56,0.28,non-CYT
199,0.72,0.61,0.37,0.3,0.5,0,0.57,0.22,non-CYT
200,0.46,0.43,0.38,0.33,0.5,0,0.48,0.28,non-CYT
201,0.57,0.57,0.44,0.37,0.5,0,0.52,0.25,non-CYT
202,0.42,0.31,0.62,0.12,0.5,0,0.4,0.22,non-CYT
203,0.49,0.46,0.45,NA,0.5,0,0.52,0.22,non-CYT
204,0.42,0.58,0.41,0.65,0.5,0,0.46,0.26,non-CYT
205,0.59,0.61,0.34,0.22,0.5,0,0.51,0.22,non-CYT
206,0.52,0.77,0.38,0.34,0.5,0,0.51,0.22,non-CYT
207,0.5,0.52,NA,0.51,0.5,0,0.48,0.22,non-CYT
208,0.49,0.6,0.43,0.56,NA,0,0.36,0.22,non-CYT
209,0.5,0.41,0.44,0.5,0.5,0,0.42,0.22,non-CYT
210,0.5,0.4,NA,0.7,0.5,0,0.5,0.22,non-CYT
211,0.37,0.58,0.44,0.51,0.5,0,0.44,0.22,non-CYT
212,0.55,0.45,0.45,0.54,0.5,0,0.5,0.22,non-CYT
213,NA,0.68,0.46,0.29,0.5,0,0.46,0.22,non-CYT
214,0.53,0.51,0.46,0.28,0.5,0,0.48,0.22,CYT
215,NA,0.66,0.49,0.21,0.5,0,0.54,0.25,CYT
216,0.52,0.4,0.6,0.12,0.5,0,0.55,0.22,CYT
217,0.77,0.79,0.58,0.23,0.5,0,NA,0.22,non-CYT
218,0.47,0.46,0.59,0.49,0.5,0,0.56,0.22,non-CYT
219,0.73,NA,0.43,0.3,0.5,0,0.55,0.22,non-CYT
220,NA,0.74,0.58,0.25,1,0,0.53,0.22,non-CYT
221,0.7,0.65,0.54,0.28,0.5,0,0.6,0.4,non-CYT
222,NA,0.54,0.37,0.14,0.5,0,0.5,0.22,non-CYT
223,0.56,0.52,0.48,0.17,0.5,0,0.46,0.22,non-CYT
224,0.57,0.41,0.59,0.24,0.5,0,0.4,0.22,CYT
225,0.56,0.41,0.58,0.21,0.5,0,0.42,0.22,CYT
226,0.58,0.56,0.45,0.12,0.5,0,0.51,0.22,non-CYT
227,0.53,0.38,0.66,NA,0.5,0,0.43,0.22,non-CYT
228,0.34,0.36,0.54,0.11,0.5,0,0.36,0.21,non-CYT
229,0.69,0.61,0.38,0.27,0.5,0,0.52,0.22,non-CYT
230,0.37,0.53,0.6,0.19,0.5,0.5,0.42,NA,non-CYT
231,0.41,0.45,0.53,NA,0.5,0,0.51,0.25,non-CYT
232,0.31,0.46,0.54,NA,0.5,0,0.5,0.34,non-CYT
233,0.36,0.37,0.33,0.14,0.5,0,NA,0.31,non-CYT
234,0.82,0.78,NA,0.23,0.5,0,0.46,0.22,non-CYT
235,0.82,0.75,0.54,0.23,0.5,0,NA,0.22,non-CYT
236,0.41,0.51,0.58,0.15,0.5,0,0.45,0.27,CYT
237,0.38,0.51,0.75,0.17,0.5,0,0.55,0.22,CYT
238,0.38,NA,0.75,0.17,0.5,0,0.55,0.22,CYT
239,0.53,0.44,0.51,0.33,0.5,0,0.52,0.22,non-CYT
240,0.46,0.54,0.71,0.15,0.5,0,0.59,0.22,non-CYT
241,NA,0.56,NA,0.14,0.5,0,0.47,0.22,non-CYT
242,0.53,0.53,0.6,0.13,0.5,0,0.49,0.22,non-CYT
243,NA,0.57,0.72,0.22,0.5,0,0.57,0.22,non-CYT
244,0.45,0.27,0.57,0.36,0.5,0,0.52,0.18,CYT
245,0.2,0.26,0.52,NA,0.5,0,0.53,0.44,CYT
246,NA,0.53,0.55,0.14,0.5,0,0.51,0.22,CYT
247,NA,0.68,0.45,0.51,0.5,0,0.52,0.41,non-CYT
248,0.27,0.39,0.66,NA,NA,0,0.44,0.22,non-CYT
249,0.55,0.42,0.34,0.3,0.5,0,0.52,0.22,non-CYT
250,0.34,0.42,0.3,0.23,NA,0,0.53,NA,non-CYT
251,0.44,0.53,0.52,0.23,0.5,0.83,0.51,0.22,non-CYT
252,0.59,0.58,0.56,0.21,0.5,0,0.54,0.33,non-CYT
253,0.39,0.28,0.46,0.12,0.5,0,0.41,0.22,non-CYT
254,0.56,0.43,0.54,0.16,0.5,0,0.5,0.22,non-CYT
255,0.36,0.68,0.38,0.08,0.5,0,0.53,0.25,non-CYT
256,0.27,0.36,0.6,0.33,0.5,0,0.37,0.31,non-CYT
257,0.35,0.4,NA,0.22,0.5,0,0.47,0.37,non-CYT
258,0.42,NA,NA,0.21,0.5,0,0.51,0.22,non-CYT
259,0.23,0.2,0.53,0.2,0.5,0,0.44,0.22,non-CYT
260,NA,0.54,0.56,0.22,0.5,0,0.5,0.37,non-CYT
261,0.36,0.24,0.49,0.16,0.5,0,0.51,0.22,non-CYT
262,0.38,0.48,0.59,NA,0.5,0,0.46,0.22,CYT
263,0.8,0.46,0.5,0.15,0.5,0,0.53,0.22,CYT
264,0.6,0.56,0.47,0.2,0.5,0,0.5,0.38,non-CYT
265,0.41,0.24,0.54,NA,0.5,0,0.41,0.22,non-CYT
266,0.47,0.65,0.54,0.62,0.5,0,0.53,0.36,non-CYT
267,0.43,0.39,0.54,0.14,0.5,0,0.47,0.22,non-CYT
268,0.5,0.51,0.52,0.09,0.5,0,0.48,0.25,non-CYT
269,0.53,0.61,0.52,0.21,NA,0,NA,0.3,non-CYT
270,0.54,0.42,0.41,0.16,0.5,0,0.52,0.22,non-CYT
271,0.46,0.35,0.53,0.16,0.5,0,0.51,0.29,CYT
272,0.46,0.43,0.49,NA,0.5,0,0.49,0.63,non-CYT
273,0.51,0.55,0.35,NA,NA,0,0.51,0.47,non-CYT
274,0.56,0.52,0.55,0.19,0.5,0,0.54,0.22,CYT
275,0.61,0.3,0.59,0.12,0.5,0,0.49,0.27,non-CYT
276,0.37,0.53,0.46,0.23,0.5,0,0.47,0.22,non-CYT
277,0.83,0.58,0.33,0.04,0.5,0,0.53,0.22,non-CYT
278,NA,0.45,0.53,0.18,0.5,0,0.54,0.22,CYT
279,0.52,0.54,0.5,0.21,0.5,0,0.48,0.3,CYT
280,0.35,0.39,0.57,0.11,0.5,0,0.48,NA,non-CYT
281,0.36,0.49,0.3,0.22,0.5,0,0.52,0.31,non-CYT
282,0.78,0.7,NA,0.23,0.5,0,0.53,0.22,non-CYT
283,0.55,0.46,0.53,0.11,0.5,0,0.52,0.48,CYT
284,0.45,0.56,0.54,0.32,0.5,0,0.57,0.22,CYT
285,0.45,0.56,0.53,0.32,0.5,0,0.57,0.22,CYT
286,0.29,0.43,NA,0.15,0.5,0,0.53,0.22,non-CYT
287,0.52,0.75,0.37,0.14,0.5,0,0.46,0.22,non-CYT
288,0.71,0.56,0.39,0.27,0.5,0,0.52,0.22,non-CYT
289,0.58,0.6,NA,0.12,0.5,0,0.55,0.22,non-CYT
290,0.54,0.65,0.49,0.34,0.5,0,0.52,0.22,CYT
291,0.57,0.59,0.44,NA,0.5,0,NA,0.22,non-CYT
292,0.59,0.58,0.46,0.19,0.5,0,0.56,NA,CYT
293,0.92,0.61,0.4,0.22,0.5,0,0.54,NA,non-CYT
294,NA,0.56,0.45,0.14,0.5,0,0.54,0.22,CYT
295,0.63,0.61,0.41,0.22,0.5,0,NA,0.22,non-CYT
296,0.58,0.53,0.38,NA,0.5,0,0.52,0.22,non-CYT
297,NA,0.46,0.43,0.19,0.5,0,0.48,0.22,non-CYT
298,0.32,0.47,0.55,0.12,0.5,0,0.52,0.22,CYT
299,0.34,0.38,0.45,0.19,0.5,0,0.51,0.22,non-CYT
300,0.62,0.58,0.46,0.13,0.5,0,0.53,0.22,CYT
301,0.53,0.68,0.42,0.19,0.5,0,0.53,0.22,non-CYT
302,NA,0.55,0.41,0.16,0.5,0,0.46,0.22,non-CYT
303,NA,0.46,0.46,0.31,0.5,0,0.58,0.48,non-CYT
304,0.35,0.6,0.47,0.13,0.5,0,0.52,0.43,non-CYT
305,0.77,0.8,0.51,0.4,1,0,0.54,0.22,non-CYT
306,0.77,0.87,0.47,0.37,0.5,0,0.48,0.22,non-CYT
307,0.35,0.46,0.49,0.15,1,0,0.55,NA,CYT
308,0.43,0.51,0.48,NA,0.5,0,0.5,0.22,CYT
309,NA,0.61,0.45,0.26,0.5,0,0.5,0.22,CYT
310,0.63,0.62,0.42,0.12,0.5,0,0.52,0.25,CYT
311,0.25,0.4,0.51,0.18,0.5,0,0.5,0.27,CYT
312,0.56,0.62,0.53,0.24,0.5,0,0.57,0.22,CYT
313,0.58,0.6,0.51,0.24,0.5,0,0.53,NA,CYT
314,0.71,0.59,0.53,0.15,0.5,0,0.49,0.33,CYT
315,0.46,0.35,0.33,0.17,0.5,0,0.55,0.22,non-CYT
316,0.54,0.55,0.42,0.22,0.5,0,0.48,0.22,non-CYT
317,0.39,0.44,0.28,0.12,0.5,0,NA,0.27,non-CYT
318,0.33,0.44,0.49,0.08,0.5,0,0.48,0.49,non-CYT
319,0.81,0.82,0.41,0.36,0.5,0,0.39,0.22,non-CYT
320,0.69,0.6,0.51,0.13,0.5,0.83,0.52,0.22,non-CYT
321,0.46,0.48,0.44,0.21,0.5,0,0.55,0.22,non-CYT
322,0.35,0.36,0.57,0.17,0.5,0,0.52,0.22,CYT
323,0.74,0.72,0.47,0.25,0.5,0,0.57,0.22,non-CYT
324,0.54,0.57,0.52,0.19,0.5,0,0.59,0.67,non-CYT
325,0.42,0.52,0.4,0.17,0.5,0,0.5,0.26,non-CYT
326,0.91,0.77,0.34,0.47,0.5,0,0.52,0.31,non-CYT
327,0.81,NA,NA,0.41,0.5,0,NA,0.22,non-CYT
328,0.45,0.4,0.56,0.14,0.5,0,0.54,0.22,CYT
329,NA,0.47,0.58,0.16,0.5,0,0.49,0.28,CYT
330,0.41,0.39,0.51,0.52,0.5,0,0.49,0.22,CYT
331,0.37,0.34,0.32,0.22,0.5,0,0.56,0.22,non-CYT
332,0.69,0.6,0.5,0.31,0.5,0,0.55,0.22,CYT
333,0.35,0.56,0.36,0.3,0.5,0,0.53,0.25,non-CYT
334,0.84,0.66,0.36,0.78,0.5,0,0.49,0.5,non-CYT
335,NA,0.58,0.54,0.29,0.5,0,0.53,0.22,CYT
336,0.37,0.43,0.62,0.27,0.5,0,0.48,0.22,non-CYT
337,0.55,0.66,0.57,0.32,0.5,0,0.57,0.34,CYT
338,0.48,0.35,0.42,0.21,0.5,0,0.57,0.22,CYT
339,0.62,0.58,0.52,0.15,0.5,0,0.52,0.29,CYT
340,0.56,0.59,0.53,0.16,0.5,0,0.24,0.42,non-CYT
341,0.44,0.51,0.37,0.15,0.5,0,0.51,0.22,non-CYT
342,0.44,0.44,0.49,0.15,0.5,0,0.46,0.27,non-CYT
343,0.5,0.5,0.48,0.17,0.5,0,0.47,0.26,CYT
344,NA,0.6,NA,0.3,0.5,0,0.53,0.22,non-CYT
345,0.49,0.46,0.34,0.21,0.5,0,0.55,0.22,non-CYT
346,0.35,0.68,0.57,0.4,0.5,0,0.53,0.36,non-CYT
347,0.7,0.69,0.43,0.33,0.5,0,0.58,0.22,non-CYT
348,0.23,0.3,0.58,NA,0.5,0,0.48,0.27,non-CYT
349,0.45,0.42,0.52,0.2,NA,0,0.5,0.25,CYT
350,0.51,0.35,NA,0.15,0.5,0,0.51,0.42,CYT
351,0.42,0.39,0.47,0.13,0.5,0,0.5,0.27,CYT
352,0.32,0.38,0.52,0.2,0.5,0,NA,0.28,CYT
353,0.59,0.65,0.52,0.3,0.5,0,0.46,0.31,CYT
354,0.41,0.52,0.41,0.11,0.5,0,0.54,0.35,CYT
355,0.37,0.33,0.5,0.12,0.5,0,0.51,NA,CYT
356,0.45,0.56,0.49,0.17,0.5,0,0.52,0.22,CYT
357,0.56,0.54,0.59,NA,0.5,0,0.52,0.27,non-CYT
358,0.31,0.31,0.54,0.18,0.5,0,0.52,NA,non-CYT
359,0.27,0.51,NA,0.35,0.5,0,0.49,0.28,non-CYT
360,0.54,0.56,0.57,NA,0.5,0,0.45,0.25,non-CYT
361,0.17,0.38,0.45,0.09,0.5,0,0.54,0.27,non-CYT
362,0.43,0.51,0.54,0.15,0.5,0,0.45,0.26,non-CYT
363,0.6,0.4,0.59,0.18,0.5,0,NA,0.22,CYT
364,0.91,0.69,0.57,0.45,0.5,0,0.56,0.22,non-CYT
365,0.38,0.47,0.53,0.12,0.5,0,0.48,0.22,CYT
366,0.59,0.43,0.52,0.19,0.5,0,0.55,0.27,CYT
367,0.64,0.53,0.45,0.13,0.5,0,0.53,0.22,CYT
368,0.49,0.31,0.34,0.13,0.5,0,0.52,0.22,non-CYT
369,0.52,0.51,0.51,0.12,0.5,0,0.51,0.4,CYT
370,NA,0.43,0.48,NA,0.5,0,0.55,0.25,CYT
371,0.49,0.47,0.52,NA,0.5,0,0.53,0.28,CYT
372,0.48,0.39,0.49,0.18,0.5,0,0.51,NA,CYT
373,NA,0.34,0.55,0.18,0.5,0,0.52,0.22,CYT
374,0.43,0.54,0.58,0.16,0.5,0,0.5,NA,non-CYT
375,0.49,0.42,0.54,0.17,0.5,0,0.5,0.36,CYT
376,0.34,0.66,0.51,0.16,0.5,0,0.47,0.33,non-CYT
377,0.2,0.34,0.33,NA,0.5,0,0.48,0.31,non-CYT
378,0.74,0.53,0.5,0.08,0.5,0,0.55,NA,CYT
379,0.69,0.48,NA,0.15,0.5,0,0.55,NA,non-CYT
380,NA,0.5,0.47,0.11,0.5,0,0.46,0.22,CYT
381,0.44,0.51,0.48,0.38,0.5,0,0.52,0.22,CYT
382,0.31,0.45,0.5,0.17,0.5,0,0.49,0.22,CYT
383,0.55,0.41,0.56,0.21,0.5,0,0.52,0.22,CYT
384,0.4,0.34,0.52,0.17,0.5,0,0.47,0.51,non-CYT
385,0.4,0.48,0.5,0.17,0.5,0,0.54,0.5,CYT
386,NA,0.48,0.56,0.1,0.5,0,0.46,NA,non-CYT
387,0.58,0.48,0.56,0.12,0.5,0,0.46,0.25,non-CYT
388,0.58,0.45,0.48,0.24,0.5,0,0.52,0.37,CYT
389,0.58,0.41,0.51,0.26,0.5,0,0.51,0.37,CYT
390,0.41,0.6,0.53,0.29,0.5,0,0.47,0.43,non-CYT
391,0.69,0.5,0.49,0.42,0.5,0,0.49,NA,non-CYT
392,0.38,NA,0.61,0.13,0.5,0,0.54,0.22,CYT
393,0.6,0.48,0.44,0.52,0.5,0,0.54,0.63,non-CYT
394,0.47,0.49,NA,0.17,0.5,0,0.31,NA,non-CYT
395,0.28,0.51,0.55,0.11,0.5,0,0.46,0.22,non-CYT
396,0.56,0.57,0.63,0.39,1,0,0.59,0.4,non-CYT
397,0.21,0.38,0.49,NA,0.5,0,0.51,0.45,CYT
398,0.46,0.57,0.57,0.15,0.5,0,0.52,0.26,non-CYT
399,0.43,0.42,0.54,NA,0.5,0,0.57,NA,non-CYT
400,0.57,0.59,NA,0.58,0.5,0,0.53,0.22,non-CYT
401,0.48,0.34,NA,0.14,0.5,0,0.47,0.26,CYT
402,0.35,0.4,NA,0.18,0.5,0,0.42,0.38,CYT
403,0.47,0.45,0.53,0.62,0.5,0,0.46,0.22,non-CYT
404,0.53,0.43,0.47,0.15,0.5,0,0.58,0.22,CYT
405,NA,0.45,0.56,0.16,0.5,0,0.56,NA,CYT
406,0.44,0.42,0.62,0.14,0.5,0,0.55,0.37,non-CYT
407,NA,0.34,0.58,0.24,0.5,0,0.44,0.18,non-CYT
408,0.37,0.34,0.58,0.24,0.5,0,0.44,0.18,non-CYT
409,0.39,0.39,NA,0.52,0.5,0,0.37,0.16,non-CYT
410,0.39,0.39,0.55,0.52,0.5,0,0.37,0.16,non-CYT
411,0.48,0.46,0.38,NA,0.5,0,0.53,0.22,non-CYT
412,0.48,0.57,0.5,0.09,0.5,0,0.52,0.42,non-CYT
413,0.61,0.57,0.45,0.21,0.5,0,0.5,0.42,non-CYT
414,0.56,0.44,0.56,0.19,0.5,0,NA,0.22,CYT
415,0.51,0.63,0.3,0.35,0.5,0,0.53,0.27,non-CYT
416,0.53,0.68,0.34,0.42,0.5,0,0.54,0.27,non-CYT
417,0.37,0.22,0.64,0.35,0.5,0,0.47,0.22,non-CYT
418,0.51,0.48,0.58,0.22,0.5,0,0.5,NA,non-CYT
419,0.49,0.37,0.59,0.17,NA,0,0.51,0.22,non-CYT
420,0.51,0.48,0.58,0.22,0.5,0,0.5,0.28,non-CYT
421,NA,0.53,0.53,0.17,0.5,0,0.49,0.37,non-CYT
422,0.29,0.68,0.47,0.26,0.5,0,0.47,0.37,non-CYT
423,0.5,0.45,0.49,0.15,0.5,0,0.55,0.43,non-CYT
424,0.33,0.28,0.31,0.24,0.5,0,0.53,0.22,non-CYT
425,0.85,0.85,0.3,0.31,0.5,0,0.55,0.42,non-CYT
426,0.43,0.39,0.51,0.28,0.5,0,0.4,0.22,non-CYT
427,0.61,0.54,0.49,0.16,0.5,0,0.54,0.42,CYT
428,0.34,0.35,0.61,0.19,0.5,0,0.52,0.25,non-CYT
429,0.55,0.53,NA,0.29,0.5,0,0.48,0.22,non-CYT
430,0.66,0.62,0.52,0.17,0.5,0,0.49,0.22,CYT
431,0.44,0.41,0.58,0.2,0.5,0,0.57,0.25,CYT
432,0.37,0.62,0.34,0.25,0.5,0,0.51,0.22,non-CYT
433,0.45,0.56,0.51,0.64,0.5,0,0.54,0.22,non-CYT
434,0.38,0.46,0.52,0.75,0.5,0,0.5,0.26,non-CYT
435,0.61,0.54,0.49,0.19,0.5,0,0.54,0.47,CYT
436,0.44,0.53,0.52,0.37,0.5,0,NA,0.22,non-CYT
437,0.44,0.53,0.52,0.37,0.5,0,0.5,0.22,non-CYT
438,NA,0.34,0.61,0.17,0.5,0,0.52,0.32,non-CYT
439,0.34,0.34,0.61,0.18,0.5,0,0.52,0.32,non-CYT
440,0.51,0.68,0.49,0.59,0.5,0,0.54,0.27,non-CYT
441,0.41,0.3,0.49,0.28,0.5,0,0.54,NA,CYT
442,0.41,0.43,0.5,0.28,0.5,0,0.5,0.22,CYT
443,0.3,0.5,0.34,0.26,0.5,0,0.51,0.22,non-CYT
444,0.49,0.4,0.34,0.26,0.5,0,0.5,0.22,non-CYT
445,0.34,0.4,0.3,0.23,0.5,0,0.51,0.22,non-CYT
446,0.43,0.44,0.3,0.18,0.5,0,0.51,0.22,non-CYT
447,NA,0.45,0.37,0.12,0.5,0,0.48,0.22,non-CYT
448,0.45,0.57,0.3,0.17,0.5,0,0.51,0.22,non-CYT
449,0.45,0.57,0.3,0.17,0.5,0,0.51,0.22,non-CYT
450,0.42,0.44,0.33,0.17,0.5,0,NA,0.27,non-CYT
451,0.52,0.5,0.53,0.1,0.5,0,NA,0.22,non-CYT
452,0.53,0.56,0.49,0.46,0.5,0,0.52,0.22,non-CYT
453,0.45,0.54,0.54,0.62,0.5,0,0.53,0.22,non-CYT
454,0.51,0.43,0.63,0.18,0.5,0,0.52,0.22,CYT
455,0.51,0.52,0.48,0.5,0.5,0,0.51,NA,non-CYT
456,0.55,0.49,0.5,0.46,0.5,0,0.52,0.25,non-CYT
457,0.5,0.46,0.52,0.16,0.5,0,0.52,0.26,CYT
458,0.5,0.53,0.45,0.44,0.5,0,0.49,0.22,non-CYT
459,0.45,0.59,0.53,0.74,0.5,0,0.47,0.25,non-CYT
460,0.57,0.61,0.55,0.67,0.5,0,0.48,0.22,non-CYT
461,0.54,0.45,0.62,0.13,0.5,0,0.52,0.26,non-CYT
462,0.67,0.51,0.53,0.28,0.5,0,0.51,0.22,non-CYT
463,0.35,0.49,0.47,0.22,0.5,0,NA,0.28,non-CYT
464,0.47,0.63,0.66,0.45,0.5,0,0.37,0.11,non-CYT
465,0.51,0.34,0.43,0.18,0.5,0,0.48,0.25,CYT
466,0.56,0.45,0.59,0.14,0.5,0,0.51,0.26,non-CYT
467,0.45,0.38,0.59,0.18,0.5,0,0.44,0.45,non-CYT
468,0.43,0.51,0.6,0.25,0.5,0,0.55,0.22,CYT
469,0.47,0.59,0.43,0.13,0.5,0,NA,0.3,non-CYT
470,0.4,0.45,0.42,NA,0.5,0,0.54,0.26,non-CYT
471,0.89,0.81,NA,0.71,0.5,0,0.55,0.63,non-CYT
472,0.58,NA,0.52,0.22,0.5,0,0.44,0.22,non-CYT
473,0.59,0.57,NA,0.14,0.5,0,0.52,0.22,non-CYT
474,0.49,0.41,0.32,0.21,0.5,0,0.5,0.32,non-CYT
475,0.35,0.53,0.35,0.33,0.5,0,0.5,0.32,non-CYT
476,0.42,0.32,0.61,0.13,0.5,0,0.14,0.27,non-CYT
477,0.5,0.46,0.42,0.32,0.5,0,0.56,0.55,non-CYT
478,0.68,0.5,0.43,0.27,0.5,0,0.61,0.22,non-CYT
479,0.5,0.45,0.49,0.3,0.5,0,0.47,0.4,non-CYT
480,0.46,0.41,NA,0.44,0.5,0,0.53,0.22,non-CYT
481,NA,0.36,0.34,NA,0.5,0,0.55,0.26,non-CYT
482,NA,0.51,0.42,0.13,0.5,0,NA,0.25,non-CYT
483,0.7,0.73,0.37,0.37,0.5,0,0.48,0.31,non-CYT
484,NA,0.76,0.32,0.37,0.5,0,0.51,0.22,non-CYT
485,0.65,0.61,0.39,0.3,0.5,0,0.57,0.28,non-CYT
486,0.47,0.43,0.35,0.32,0.5,0,0.54,0.22,non-CYT
487,NA,0.25,0.6,0.14,NA,0,0.45,0.22,CYT
488,NA,0.34,0.41,0.28,0.5,0,0.5,0.27,non-CYT
489,0.85,0.56,NA,0.38,1,0,0.55,0.25,non-CYT
490,NA,0.31,0.6,0.37,0.5,0,NA,0.3,non-CYT
491,0.59,0.53,0.47,0.26,0.5,0,0.53,0.31,non-CYT
492,NA,0.63,NA,0.41,0.5,0,0.6,0.33,non-CYT
493,NA,0.73,0.38,0.36,0.5,0,0.54,0.22,non-CYT
494,0.54,0.51,0.54,0.52,0.5,0,0.47,0.25,non-CYT
495,0.53,0.5,0.54,0.56,0.5,0,0.49,0.41,non-CYT
496,0.84,0.63,0.38,0.23,0.5,0,0.53,0.22,non-CYT
497,0.89,0.77,0.36,0.34,0.5,0,0.44,0.22,non-CYT
498,0.48,0.43,0.45,NA,0.5,0,0.48,0.37,non-CYT
499,0.36,0.35,NA,0.22,0.5,0,0.44,0.31,non-CYT
500,0.57,0.49,0.48,0.16,0.5,0,0.51,0.22,non-CYT
501,0.43,0.52,0.53,0.52,1,0,0.49,0.22,CYT
502,0.38,0.49,0.54,1,0.5,0,0.5,0.27,CYT
503,0.43,0.32,0.56,0.27,0.5,0,0.47,0.27,non-CYT
504,0.84,0.87,0.45,0.54,0.5,0,0.28,0.22,non-CYT
505,0.27,0.56,NA,0.18,0.5,0,0.52,0.22,CYT
506,0.89,0.82,0.6,0.49,0.5,0,0.55,0.22,non-CYT
507,0.86,0.92,0.5,0.37,1,0,0.53,0.32,non-CYT
508,0.37,0.55,0.29,0.32,0.5,0,0.51,0.22,non-CYT
509,0.87,0.83,0.57,0.36,0.5,0,0.36,0.22,non-CYT
510,0.43,0.45,NA,0.14,0.5,0,0.5,0.31,CYT
511,0.52,0.48,0.54,0.28,0.5,0,0.54,0.22,non-CYT
512,0.77,0.6,0.42,0.33,0.5,0,0.57,0.22,non-CYT
513,0.76,0.74,NA,0.34,0.5,0,0.51,0.3,non-CYT
514,0.58,0.76,0.4,0.37,0.5,0,0.54,0.3,non-CYT
515,0.94,0.6,0.33,0.49,0.5,0,NA,0.22,non-CYT
516,0.36,0.44,0.57,0.18,0.5,0,0.42,0.22,non-CYT
517,0.42,0.51,NA,0.22,0.5,0,0.49,0.26,non-CYT
518,0.52,0.48,0.58,0.55,0.5,0,0.48,NA,CYT
519,0.42,0.32,0.48,0.16,0.5,0,0.55,0.22,non-CYT
520,0.43,0.38,0.51,0.24,0.5,0,0.46,0.33,non-CYT
521,NA,0.57,0.52,0.61,0.5,0,0.51,0.22,non-CYT
522,0.83,0.53,0.52,0.2,0.5,0,0.48,0.25,non-CYT
523,0.36,0.34,NA,0.19,0.5,0,NA,0.22,non-CYT
524,0.51,0.43,0.47,NA,0.5,0,0.52,0.37,CYT
525,0.54,0.54,0.49,NA,0.5,0,0.56,0.22,CYT
526,0.44,0.41,0.44,0.13,0.5,0,0.49,0.42,non-CYT
527,0.52,0.62,0.54,0.19,0.5,0,0.5,NA,non-CYT
528,0.46,0.4,0.38,0.18,0.5,0,0.49,0.22,non-CYT
529,0.68,0.5,0.55,0.65,0.5,0,0.46,0.31,non-CYT
530,0.53,0.44,0.47,0.22,0.5,0,0.53,0.22,non-CYT
531,0.48,0.48,0.5,NA,0.5,0,0.55,0.22,non-CYT
532,0.46,0.14,0.36,0.21,0.5,0,0.5,0.25,non-CYT
533,0.5,0.45,NA,0.17,0.5,0,0.5,0.26,CYT
534,0.44,0.53,0.43,0.17,0.5,0,0.54,0.75,non-CYT
535,0.46,0.47,0.46,0.16,0.5,0,0.51,0.22,CYT
536,0.52,0.49,0.57,0.57,0.5,0,NA,0.22,non-CYT
537,0.62,0.64,0.56,0.2,0.5,0,0.48,NA,non-CYT
538,0.46,0.32,0.58,0.17,0.5,0,0.61,0.25,non-CYT
539,0.78,0.48,NA,0.3,0.5,0,0.53,0.47,non-CYT
540,NA,0.62,0.65,0.18,0.5,0,0.46,0.43,non-CYT
541,0.5,0.34,0.62,0.19,0.5,0,0.57,0.22,CYT
542,0.39,0.37,0.33,0.23,0.5,0,NA,0.26,non-CYT
543,0.39,0.37,0.56,0.15,0.5,0,0.5,0.27,CYT
544,0.33,0.37,0.54,0.28,0.5,0,0.53,0.27,non-CYT
545,0.39,0.37,0.33,0.23,0.5,0,0.52,0.26,non-CYT
546,NA,0.38,0.53,0.26,0.5,0,0.52,0.27,non-CYT
547,NA,0.51,0.57,0.24,0.5,0,0.5,0.22,CYT
548,NA,0.62,0.54,0.66,0.5,0,0.49,0.22,non-CYT
549,0.47,0.54,0.54,0.48,0.5,0,0.53,0.26,non-CYT
550,0.72,0.58,0.42,0.28,0.5,0,0.48,0.22,non-CYT
551,NA,0.41,0.51,0.19,0.5,0,0.57,0.22,non-CYT
552,0.81,0.65,0.52,0.41,0.5,0,0.57,0.26,non-CYT
553,0.5,0.49,0.52,0.2,0.5,0,0.43,0.52,non-CYT
554,0.18,0.48,0.46,NA,0.5,0,0,0.25,non-CYT
555,0.26,0.38,0.52,0.36,0.5,0,0.48,0.56,non-CYT
556,0.53,0.51,0.51,0.11,0.5,0,0.49,0.41,non-CYT
557,0.58,0.49,0.5,0.41,0.5,0,0.57,0.22,non-CYT
558,0.62,0.6,0.47,0.16,0.5,0,0.53,0.22,CYT
559,0.68,0.58,0.51,0.19,0.5,0.83,0.54,0.22,non-CYT
560,0.4,0.52,0.53,0.52,0.5,0,0.51,0.22,non-CYT
561,0.51,0.47,0.41,0.44,0.5,0,0.5,0.22,non-CYT
562,0.72,0.56,0.4,0.26,0.5,0,0.51,0.26,non-CYT
563,0.49,0.44,0.45,0.22,0.5,0,0.51,0.22,CYT
564,0.32,0.47,0.55,0.25,0.5,0,0.49,NA,non-CYT
565,0.46,0.57,0.52,0.28,0.5,0,NA,0.22,non-CYT
566,0.53,NA,0.45,0.44,NA,0,0.49,0.27,non-CYT
567,0.49,0.48,0.46,NA,0.5,0,0.52,0.22,non-CYT
568,0.7,0.53,0.42,NA,0.5,0,0.51,0.28,non-CYT
569,0.68,0.68,0.49,0.15,0.5,0,0.53,0.22,non-CYT
570,0.47,0.6,0.35,0.21,0.5,0,0.52,0.22,non-CYT
571,0.55,0.49,0.45,NA,0.5,0,0.49,0.22,non-CYT
572,NA,0.53,0.61,0.21,0.5,0,0.48,0.33,non-CYT
573,0.57,0.44,0.42,0.2,0.5,0,0.54,0.22,CYT
574,0.4,0.47,0.48,0.18,0.5,0,0.46,0.22,CYT
575,0.34,0.54,0.54,0.13,0.5,0,0.52,0.22,CYT
576,0.43,0.83,0.55,0.2,0.5,0,0.47,NA,non-CYT
577,0.55,0.65,0.5,0.28,0.5,0,0.55,0.22,non-CYT
578,0.29,0.46,0.54,0.27,0.5,0,0.49,0.22,CYT
579,0.46,0.42,0.6,0.21,0.5,0,0.4,0.22,non-CYT
580,0.8,0.81,0.55,0.35,0.5,0,0.42,0.22,non-CYT
581,0.79,0.74,0.49,NA,0.5,0,0.48,0.22,non-CYT
582,0.45,0.48,NA,0.67,0.5,0,0.48,0.22,non-CYT
583,0.66,0.52,0.52,0.44,0.5,0,0.56,0.27,non-CYT
584,0.5,NA,0.59,0.47,0.5,0,0.49,0.36,non-CYT
585,0.54,0.52,0.54,0.2,0.5,0,0.55,0.25,non-CYT
586,0.37,0.31,0.53,0.16,0.5,0,0.53,0.44,non-CYT
587,0.43,0.39,0.59,0.13,0.5,0,0.41,0.43,non-CYT
588,NA,0.47,0.54,0.55,0.5,0,0.51,0.65,non-CYT
589,0.6,0.59,0.45,0.23,0.5,0,NA,0.22,non-CYT
590,0.45,0.73,0.47,0.65,0.5,0,0.54,0.43,non-CYT
591,0.66,0.54,0.49,NA,0.5,0,0.54,0.36,non-CYT
592,0.46,0.55,0.61,0.13,0.5,0,0.47,0.22,CYT
593,0.42,0.5,0.53,0.22,0.5,0.83,0.5,0.22,non-CYT
594,0.66,0.66,0.32,0.54,0.5,0,0.51,0.22,non-CYT
595,0.74,0.56,NA,NA,0.5,0,0.51,0.25,non-CYT
596,0.89,0.52,0.41,0.26,0.5,0,0.52,0.31,non-CYT
597,0.67,0.51,0.54,0.21,0.5,0,0.43,0.3,non-CYT
598,0.58,0.46,0.46,0.34,0.5,0,0.5,0.43,non-CYT
599,0.4,0.68,0.5,0.82,0.5,0,0.44,0.36,non-CYT
600,0.59,0.57,0.43,0.26,0.5,0,0.51,0.22,non-CYT
601,0.39,0.3,0.56,0.12,0.5,0,0.53,0.38,non-CYT
602,0.6,0.62,0.54,0.4,0.5,0,0.5,0.22,non-CYT
603,0.36,0.4,0.53,0.48,0.5,0,0.48,0.22,non-CYT
604,0.51,0.42,0.56,NA,0.5,0,NA,0.22,non-CYT
605,0.41,0.54,0.58,NA,0.5,0,0.52,0.22,non-CYT
606,0.57,0.4,0.62,0.3,0.5,0,0.48,0.11,non-CYT
607,0.52,0.5,0.59,NA,0.5,0,0.5,0.22,non-CYT
608,0.42,0.53,0.53,0.64,0.5,0,0.47,0.22,non-CYT
609,0.5,0.46,0.64,NA,0.5,0,0.49,0.22,non-CYT
610,0.6,0.51,0.6,0.38,0.5,0.83,0.52,0.24,non-CYT
611,0.45,0.38,0.64,0.14,0.5,0,0.54,0.22,non-CYT
612,0.6,0.57,0.64,0.52,0.5,0,0.47,0.28,non-CYT
613,0.53,NA,NA,0.29,0.5,0,0.5,0.22,non-CYT
614,0.41,0.52,0.53,0.41,0.5,0,0.39,0.33,non-CYT
615,NA,0.43,0.63,0.4,0.5,0,0.59,0.11,non-CYT
616,0.44,0.44,0.67,0.35,0.5,0,0.48,0.26,non-CYT
617,0.58,0.52,0.61,0.33,0.5,0,0.38,0.11,non-CYT
618,0.57,0.61,NA,0.27,0.5,0,0.44,NA,non-CYT
619,0.57,0.58,0.58,0.35,NA,0,0.49,0.22,non-CYT
620,0.64,0.64,NA,NA,0.5,0,0.5,0.22,non-CYT
621,0.56,0.5,0.61,0.49,0.5,0,0.46,0.28,non-CYT
622,0.6,0.46,0.59,0.16,0.5,0,0.49,0.22,non-CYT
623,0.36,0.38,0.56,0.44,0.5,0,0.48,0.22,non-CYT
624,0.53,0.52,0.61,0.35,0.5,0,0.5,0.22,non-CYT
625,0.62,0.59,0.54,NA,0.5,0,NA,0.22,non-CYT
626,0.55,0.5,0.6,0.31,0.5,0,0.46,0.27,non-CYT
627,0.58,0.53,0.57,0.46,0.5,0,0.51,0.27,non-CYT
628,NA,0.53,0.55,0.52,0.5,0,0.47,0.27,non-CYT
629,0.38,0.54,0.54,0.41,NA,0,0.51,0.22,non-CYT
630,0.58,0.53,0.5,0.53,0.5,0,0.47,0.31,non-CYT
631,0.61,0.46,NA,0.37,0.5,0,0.51,0.22,non-CYT
632,0.55,0.59,0.47,0.64,0.5,0,0.54,0.33,non-CYT
633,0.54,0.64,0.5,0.13,0.5,0,0.49,NA,non-CYT
634,0.4,0.74,0.49,0.16,0.5,0,0.51,0.22,non-CYT
635,0.76,0.76,0.35,0.27,0.5,0,0.44,0.22,non-CYT
636,0.51,0.56,NA,NA,0.5,0,0.53,0.36,non-CYT
637,0.43,0.32,0.5,0.29,0.5,0,0.5,0.22,non-CYT
638,NA,0.44,0.45,0.55,0.5,0,NA,0.22,non-CYT
639,NA,0.45,0.44,0.2,0.5,0,0.55,0.33,non-CYT
640,0.51,0.6,0.51,0.26,0.5,0,0.54,0.22,non-CYT
641,0.49,0.46,0.42,NA,0.5,0,0.55,0.22,non-CYT
642,0.5,0.56,0.49,0.61,0.5,0,0.5,0.22,non-CYT
643,0.51,0.48,0.51,0.43,0.5,0,0.49,0.22,non-CYT
644,0.52,0.38,0.62,0.12,0.5,0,0.41,0.28,non-CYT
645,0.53,0.4,0.57,0.12,0.5,0,0.53,0.32,non-CYT
646,0.51,0.56,0.62,0.24,0.5,0,0.52,0.51,non-CYT
647,0.63,0.6,0.5,0.27,0.5,0,0.55,0.22,non-CYT
648,0.46,0.44,0.53,NA,0.5,0,0.48,0.22,non-CYT
649,0.58,0.57,0.54,0.69,0.5,0,0.54,0.22,non-CYT
650,0.61,0.59,0.47,0.49,0.5,0,0.54,0.22,non-CYT
651,0.63,0.47,0.56,0.12,0.5,0,0.5,0.22,non-CYT
652,0.55,0.53,0.54,NA,NA,0,0.48,0.22,non-CYT
653,0.41,0.47,0.58,0.62,0.5,0,0.5,NA,non-CYT
654,0.44,0.53,0.53,0.37,0.5,0,0.51,0.22,non-CYT
655,NA,0.4,0.48,NA,0.5,0,0.55,0.22,CYT
656,0.46,0.46,0.56,0.12,0.5,0,0.55,0.22,non-CYT
657,0.47,0.46,NA,0.28,0.5,0,0.44,0.46,non-CYT
658,0.39,0.35,0.49,0.17,0.5,0,0.49,0.22,non-CYT
659,NA,0.38,NA,0.21,0.5,0,0.5,0.22,CYT
660,0.53,0.41,0.5,0.24,1,0,0.47,0.22,CYT
661,NA,0.4,0.5,0.18,0.5,0,0.5,0.28,CYT
662,0.41,0.59,0.46,0.19,0.5,0,0.36,0.22,non-CYT
663,0.58,0.56,0.52,0.25,0.5,0,0.57,0.35,non-CYT
664,0.51,0.65,0.53,0.19,0.5,0,0.49,0.22,non-CYT
665,NA,0.79,0.32,0.37,0.5,0,0.41,0.22,non-CYT
666,0.44,0.41,0.29,0.21,0.5,0,0.49,0.22,non-CYT
667,0.49,0.6,0.55,0.17,0.5,0,0.44,0.22,CYT
668,0.56,0.63,0.52,0.2,0.5,0,0.34,0.26,non-CYT
669,0.42,0.28,0.57,0.18,0.5,0,0.42,0.22,non-CYT
670,0.51,0.46,0.54,NA,0.5,0,0.53,0.22,non-CYT
671,NA,0.51,0.52,0.45,0.5,0,0.5,0.27,non-CYT
672,0.37,NA,0.45,NA,0.5,0,0.47,0.22,CYT
673,0.37,0.51,0.57,0.4,0.5,0,0.48,0.27,non-CYT
674,0.36,0.39,0.55,0.26,0.5,0,0.49,0.22,non-CYT
675,0.5,0.36,0.53,0.41,0.5,0,NA,0.36,CYT
676,0.59,0.58,0.39,0.52,0.5,0,0.5,0.31,CYT
677,NA,0.63,0.53,0.13,0.5,0,0.54,0.22,non-CYT
678,0.47,0.59,0.37,0.31,0.5,0,0.51,0.36,non-CYT
679,0.48,0.62,0.52,NA,0.5,0,0.51,0.37,non-CYT
680,0.53,0.61,0.51,0.49,0.5,0,0.54,0.27,non-CYT
681,0.48,0.54,0.53,0.6,0.5,0,0.53,0.31,non-CYT
682,0.33,0.46,0.53,0.29,0.5,0,0.5,0.55,non-CYT
683,0.36,0.44,0.51,0.17,0.5,0,0.6,0.19,non-CYT
684,0.39,0.34,0.68,0.3,0.5,0,0.5,0.29,non-CYT
685,0.11,0.41,0.67,0.13,0.5,0,0.45,0.29,non-CYT
686,0.4,0.53,0.44,NA,0.5,0,0.54,0.31,non-CYT
687,0.47,0.5,0.55,0.19,0.5,0,0.62,0.22,CYT
688,0.35,0.5,0.44,0.27,0.5,0,0.51,0.22,CYT
689,0.36,0.3,0.5,0.19,0.5,0,0.55,0.3,non-CYT
690,0.49,0.44,0.51,0.18,0.5,0,0.52,0.27,CYT
691,0.35,0.44,0.54,0.26,0.5,0,0.52,0.26,non-CYT
692,0.43,NA,0.53,0.34,0.5,0,0.55,0.57,non-CYT
693,0.33,0.48,0.55,0.16,0.5,0,0.53,0.75,non-CYT
694,0.45,0.21,0.49,0.24,0.5,0,0.46,0.31,non-CYT
695,0.44,0.34,0.61,NA,0.5,0,0.49,0.26,non-CYT
696,0.87,0.47,0.6,0.47,0.5,0,0.59,0.22,non-CYT
697,0.3,0.55,0.58,0.16,0.5,0,0.61,0.28,non-CYT
698,0.29,0.34,NA,0.24,0.5,0,0.51,0.22,CYT
699,0.75,0.67,NA,0.29,0.5,0,0.52,0.36,non-CYT
700,0.47,0.47,0.5,0.15,0.5,0,0.5,0.48,non-CYT
701,0.51,0.34,0.49,NA,0.5,0,0.53,0.21,non-CYT
702,0.64,0.76,0.51,0.18,0.5,0,0.46,0.22,non-CYT
703,0.45,0.41,NA,0.48,0.5,0,NA,0.64,non-CYT
704,0.9,0.54,0.59,0.2,0.5,0,0.48,0.22,non-CYT
705,0.88,0.59,0.54,0.39,0.5,0,0.41,NA,non-CYT
706,0.7,0.51,0.47,0.24,0.5,0,0.53,0.25,non-CYT
707,0.25,0.36,0.58,0.3,0.5,0,0.58,NA,non-CYT
708,0.69,0.62,0.49,0,1,0,0.47,0.22,non-CYT
709,0.83,0.57,0.42,0.57,0.5,0,0.5,0.32,non-CYT
710,NA,0.38,NA,0.12,0.5,0,0.5,0.22,non-CYT
711,0.78,0.65,0.4,0.16,0.5,0,0.63,0.22,non-CYT
712,0.52,0.64,NA,0.16,0.5,0,0.57,0.22,non-CYT
713,0.75,0.66,0.64,0.39,0.5,0,0.46,0.32,non-CYT
714,0.41,0.49,0.58,0.22,0.5,0,0.52,0.22,non-CYT
715,0.58,0.51,0.56,0.16,0.5,0,0.34,0.22,non-CYT
716,0.48,0.49,0.45,0.23,0.5,0,0.51,0.22,non-CYT
717,0.39,0.42,0.49,NA,0.5,0,0.49,0.65,non-CYT
718,NA,0.42,0.48,0.17,0.5,0,0.49,0.53,non-CYT
719,0.39,0.28,0.54,0.14,0.5,0,0.59,0.22,non-CYT
720,0.76,0.67,NA,0.22,0.5,0,0.54,0.22,non-CYT
721,0.49,0.27,0.57,0.18,0.5,0.83,0.54,0.22,non-CYT
722,0.28,0.48,0.56,0.16,0.5,0,0.48,NA,CYT
723,0.69,0.39,NA,0.12,0.5,0,0.38,0.35,CYT
724,0.64,0.52,0.5,0.26,0.5,0,0.51,0.31,non-CYT
725,NA,0.48,0.5,0.3,0.5,0,0.51,0.22,CYT
726,0.5,0.5,0.54,0.16,0.5,0,0.49,0.22,non-CYT
727,0.47,0.43,0.59,0.27,0.5,0,0.55,0.22,non-CYT
728,0.68,0.59,0.44,0.49,0.5,0,0.4,0.26,non-CYT
729,0.5,0.51,0.57,0.27,0.5,0,0.48,0.22,non-CYT
730,0.45,0.46,0.61,NA,0.5,0,0.62,0.22,CYT
731,0.53,0.51,0.36,0.13,0.5,0,NA,0.22,non-CYT
732,0.6,0.54,0.54,0.53,NA,0,0.52,0.27,non-CYT
733,0.49,0.52,0.53,0.7,0.5,0,0.51,0.22,non-CYT
734,0.49,0.45,0.53,NA,0.5,0,0.49,0.31,CYT
735,0.51,0.46,0.57,0.25,0.5,0,0.53,0.22,CYT
736,0.49,0.45,0.46,0.18,0.5,0,0.49,0.31,CYT
737,0.52,0.46,0.51,NA,NA,0,0.5,0.22,CYT
738,0.55,0.59,0.52,0.1,0.5,0,0.53,NA,CYT
739,0.39,0.58,NA,0.1,0.5,0,0.51,0.25,CYT
740,0.7,0.84,0.49,0.28,1,0,0.58,0.22,non-CYT
741,0.33,0.38,0.45,0.19,0.5,0,0.54,0.37,non-CYT
742,0.61,0.46,0.44,0.47,0.5,0,0.5,0.37,non-CYT
743,0.41,0.48,0.38,0.13,0.5,0,0.51,0.35,non-CYT
744,0.37,0.42,0.6,0.13,0.5,0,0.51,0.22,non-CYT
745,0.45,0.58,0.59,0.44,0.5,0,0.56,0.22,non-CYT
746,0.74,0.89,0.32,0.24,0.5,0,0.54,0.32,non-CYT
747,0.28,0.46,0.26,0.18,0.5,0,0.39,0.22,non-CYT
748,0.51,0.46,0.49,0.21,0.5,0,0.55,0.22,non-CYT
749,0.8,0.82,0.57,NA,0.5,0,0.57,0.27,non-CYT
750,0.46,0.49,0.45,0.28,0.5,0,0.55,0.22,non-CYT
751,0.4,0.36,0.55,NA,0.5,0,0.53,0.22,non-CYT
752,0.67,0.46,0.58,0.3,0.5,0,0.57,0.27,non-CYT
753,0.5,0.32,0.49,0.49,0.5,0,0.48,0.32,non-CYT
754,0.45,0.53,0.47,0.43,0.5,0,0.5,0.27,non-CYT
755,0.75,0.6,0.43,0.35,0.5,0,0.45,0.27,non-CYT
756,0.56,0.68,0.52,0.39,0.5,0,0.36,0.22,non-CYT
757,0.48,0.45,0.59,0.35,0.5,0,0.55,0.3,non-CYT
758,0.26,0.28,0.6,NA,0.5,0,0.54,0.31,non-CYT
759,0.59,0.45,0.58,0.21,0.5,0,0.49,0.22,non-CYT
760,0.48,0.52,NA,NA,0.5,0.5,0.51,0.22,non-CYT
761,0.59,0.58,0.47,0.61,0.5,0,0.44,0.3,non-CYT
762,0.5,0.57,0.62,0.25,0.5,0,NA,0.22,non-CYT
763,0.57,0.49,0.5,0.2,0.5,0,0.51,0.28,CYT
764,0.62,0.43,0.49,0.29,0.5,0,NA,0.27,CYT
765,0.45,0.41,0.49,0.14,1,0,0.53,0.3,CYT
766,0.47,0.49,0.6,NA,0.5,0,0.38,0.22,CYT
767,0.41,0.48,NA,NA,0.5,0,0.37,0.51,non-CYT
768,0.46,0.46,0.53,0.23,0.5,0,0.51,0.22,CYT
769,NA,0.42,0.48,NA,0.5,0,0.58,0.22,CYT
770,NA,0.45,0.53,0.19,0.5,0,0.56,0.22,CYT
771,0.28,0.36,0.55,0.15,0.5,0,0.57,0.22,CYT
772,NA,0.46,0.58,0.26,NA,0,0.44,0.22,non-CYT
773,NA,0.72,NA,0.28,0.5,0,0.5,0.27,non-CYT
774,0.74,0.72,0.5,0.28,0.5,0,0.49,0.27,non-CYT
775,NA,0.62,0.52,0.14,0.5,0,0.53,0.22,CYT
776,0.77,0.72,0.48,0.26,0.5,0,0.51,0.22,non-CYT
777,0.44,0.42,0.57,0.22,0.5,0,0.5,0.25,non-CYT
778,0.74,0.74,0.51,0.27,0.5,0,0.5,0.22,non-CYT
779,0.39,0.81,0.35,0.28,0.5,0,0.51,0.45,non-CYT
780,0.53,0.54,0.43,0.18,0.5,0,0.53,0.31,non-CYT
781,0.38,0.45,0.37,0.19,0.5,0,0.52,0.3,non-CYT
782,NA,0.37,0.54,0.13,0.5,0,0.48,0.22,non-CYT
783,0.31,0.3,0.34,0.19,0.5,0,0.55,NA,non-CYT
784,0.5,0.42,0.57,0.49,0.5,0,0.48,0.27,non-CYT
785,0.59,0.61,0.51,0.62,0.5,0,0.51,0.38,non-CYT
786,0.45,0.4,NA,0.22,0.5,0,0.51,0.48,non-CYT
787,0.47,0.54,0.53,0.77,0.5,0,0.52,0.36,non-CYT
788,0.77,0.78,0.51,0.28,0.5,0,0.33,0.22,non-CYT
789,0.74,0.71,0.52,NA,0.5,0,0.27,0.22,non-CYT
790,0.77,0.73,0.51,0.27,0.5,0,0.34,0.22,non-CYT
791,0.47,0.61,0.5,0.23,0.5,0,0.49,0.22,non-CYT
792,0.78,0.69,0.44,0.26,NA,0,0.54,0.22,non-CYT
793,0.49,0.6,0.3,0.34,0.5,0,0.5,0.43,non-CYT
794,0.27,0.56,NA,0.14,0.5,0,0.52,0.39,non-CYT
795,0.4,0.39,0.33,0.17,0.5,0,0.51,0.31,non-CYT
796,0.55,0.51,0.54,0.2,0.5,0,0.56,0.22,CYT
797,NA,0.71,0.27,0.39,0.5,0,0.31,0.22,non-CYT
798,0.97,0.71,0.29,NA,0.5,0,0.35,0.22,non-CYT
799,0.44,0.43,0.34,0.21,0.5,0,0.55,0.4,non-CYT
800,0.39,0.49,0.3,NA,0.5,0,NA,0.31,non-CYT
801,0.38,0.48,0.51,0.13,0.5,0,0.5,0.32,non-CYT
802,0.37,0.51,0.39,0.18,0.5,0,0.51,0.27,non-CYT
803,0.27,0.49,0.36,0.26,0.5,0,0.49,0.26,non-CYT
804,0.49,NA,0.52,0.2,0.5,0,0.55,0.22,non-CYT
805,0.36,0.39,0.54,0.16,0.5,0,0.5,0.28,non-CYT
806,0.54,0.53,0.48,0.14,0.5,0,0.49,0.33,non-CYT
807,0.37,0.48,0.5,NA,0.5,0,0.52,0.39,non-CYT
808,0.25,0.39,0.5,NA,0.5,0,0.5,0.28,non-CYT
809,0.49,0.71,0.54,0.13,0.5,0,0.58,0.22,non-CYT
810,0.56,0.5,0.56,0.26,0.5,0,NA,0.27,non-CYT
811,0.41,0.53,0.41,0.15,0.5,0,0.54,0.25,non-CYT
812,0.5,0.45,0.53,0.21,NA,0,0.28,0.22,non-CYT
813,0.46,0.37,0.48,0.36,0.5,0,0.48,0.22,non-CYT
814,0.66,0.55,0.34,0.2,0.5,0,0.62,0.22,non-CYT
815,0.42,0.65,0.58,0.34,0.5,0,0.5,0.22,non-CYT
816,0.45,0.47,0.53,0.15,0.5,0,0.52,0.27,CYT
817,0.42,0.28,0.51,0.23,0.5,0,0.53,0.27,non-CYT
818,0.51,0.48,0.46,NA,0.5,0,0.54,0.22,CYT
819,0.75,0.69,0.48,0.13,0.5,0,0.57,0.4,non-CYT
820,0.69,0.7,0.5,0.3,0.5,0,0.54,0.22,non-CYT
821,0.63,0.55,0.53,0.51,0.5,0,0.55,0.22,non-CYT
822,0.55,0.63,0.54,0.16,0.5,0,0.45,0.27,CYT
823,NA,0.62,0.54,0.25,0.5,0,0.46,0.22,CYT
824,0.53,0.59,0.48,0.14,0.5,0,0.51,0.22,CYT
825,0.42,0.53,NA,0.17,0.5,0,0.49,0.22,CYT
826,0.52,0.46,0.56,0.2,0.5,0,0.5,0.22,CYT
827,0.53,0.43,0.57,0.24,0.5,0,0.39,0.28,CYT
828,NA,0.35,0.56,0.19,0.5,0,0.5,0.22,non-CYT
829,NA,0.48,0.56,0.56,0.5,0,0.47,0.22,non-CYT
830,0.56,0.48,0.5,0.17,0.5,0,0.51,0.26,CYT
831,0.77,0.57,0.45,0.17,0.5,0,0.53,0.22,CYT
832,0.56,0.59,0.54,0.18,0.5,0,0.48,0.46,non-CYT
833,0.33,0.39,0.52,0.09,0.5,0,0.47,0.28,non-CYT
834,0.48,0.41,0.54,0.39,0.5,0,0.51,0.22,non-CYT
835,0.3,0.3,NA,0.32,0.5,0,0.45,0.22,non-CYT
836,0.38,0.26,0.6,0.1,0.5,0,0.48,0.44,non-CYT
837,NA,0.39,0.5,0.15,0.5,0,0.48,0.37,non-CYT
838,0.62,0.41,0.52,0.17,0.5,0,0.48,0.22,non-CYT
839,0.52,0.37,0.48,0.13,0.5,0,0.55,0.22,non-CYT
840,0.32,0.48,0.49,0.17,0.5,0,0.47,NA,non-CYT
841,0.34,0.35,0.58,0.2,0.5,0,0.46,0.32,non-CYT
842,0.33,0.21,0.53,0.15,1,0,0.52,0.5,non-CYT
843,0.49,0.45,0.57,0.24,0.5,0,0.47,0.38,non-CYT
844,0.4,0.28,0.48,0.06,0.5,0,0.49,0.42,non-CYT
845,0.51,0.39,0.56,0.25,0.5,0,0.51,0.33,non-CYT
846,0.45,0.45,NA,0.17,0.5,0,0.54,0.22,CYT
847,0.28,0.51,0.55,0.19,0.5,0,NA,NA,CYT
848,0.51,0.51,0.56,0.28,0.5,0,0.54,0.27,CYT
849,0.48,0.56,0.49,0.32,0.5,0,0.5,0.22,CYT
850,0.59,0.46,0.48,0.46,0.5,0,0.49,0.22,CYT
851,0.51,0.46,0.4,NA,0.5,0,0.49,0.22,non-CYT
852,0.37,0.44,0.51,0.56,0.5,0,0.5,0.38,non-CYT
853,0.81,0.55,0.35,0.34,0.5,0,0.51,0.22,non-CYT
854,0.53,0.45,0.53,0.18,0.5,0,0.42,0.22,CYT
855,NA,0.27,0.5,0.33,0.5,0,0.53,0.26,CYT
856,0.36,0.33,NA,0.15,0.5,0,NA,0.36,non-CYT
857,NA,0.5,0.56,0.11,0.5,0,NA,0.22,CYT
858,0.35,0.47,0.53,0.19,0.5,0,0.48,0.22,CYT
859,0.48,0.48,0.56,0.18,0.5,0,0.58,0.22,CYT
860,0.6,0.59,0.47,0.47,0.5,0,0.53,0.22,non-CYT
861,0.45,0.53,0.51,0.42,0.5,0,0.52,0.22,non-CYT
862,0.29,0.4,0.41,0.48,0.5,0,0.53,NA,non-CYT
863,0.58,0.53,0.33,NA,0.5,0,0.51,0.22,non-CYT
864,0.46,0.43,0.5,0.24,0.5,0,0.48,0.31,CYT
865,0.43,0.46,0.5,0.21,0.5,0,0.49,0.34,CYT
866,0.61,0.55,0.51,0.26,0.5,0,0.52,0.22,CYT
867,0.5,0.62,0.52,0.3,0.5,0,0.56,0.22,non-CYT
868,NA,0.45,0.54,0.4,0.5,0,0.55,0.22,non-CYT
869,0.64,0.53,0.59,0.14,0.5,0,0.53,0.22,non-CYT
870,0.57,0.6,0.54,0.17,0.5,0,0.52,0.22,non-CYT
871,0.38,0.31,0.59,0.19,0.5,0,0.46,0.22,non-CYT
872,0.68,0.53,0.44,0.31,0.5,0,0.51,0.22,non-CYT
873,0.24,NA,0.47,0.16,0.5,0,0.51,0.38,non-CYT
874,NA,0.39,0.53,0.14,0.5,0,0.43,0.26,non-CYT
875,NA,0.16,0.59,0.08,0.5,0,0.51,NA,non-CYT
876,0.33,0.28,0.5,0.4,0.5,0,0.46,0.61,non-CYT
877,0.51,0.55,0.56,0.18,0.5,0,0.5,0.38,non-CYT
878,0.39,0.44,0.54,0.24,0.5,0,0.51,0.49,non-CYT
879,0.43,0.48,0.53,0.18,0.5,0,0.46,0.22,non-CYT
880,0.47,0.43,0.48,0.16,0.5,0,0.46,0.27,non-CYT
881,0.52,0.5,0.51,0.2,0.5,0,0.51,0.22,non-CYT
882,0.33,0.28,0.52,NA,0.5,0,0.51,0.86,non-CYT
883,0.36,0.48,0.5,0.13,0.5,0,0.49,0.6,non-CYT
884,0.45,0.54,0.49,0.29,0.5,0,0.49,0.25,non-CYT
885,0.55,0.59,0.53,0.15,0.5,0,0.49,0.22,non-CYT
886,0.31,0.39,0.55,0.28,0.5,0,0.46,0.31,non-CYT
887,0.43,0.41,0.51,0.34,0.5,0,NA,0.28,non-CYT
888,0.64,0.5,NA,0.1,0.5,0,0.51,0.22,non-CYT
889,0.41,0.52,0.56,NA,0.5,0,0.48,0.32,non-CYT
890,0.48,0.47,0.59,0.41,0.5,0,0.56,0.27,non-CYT
891,0.49,0.49,0.51,0.29,0.5,0,0.52,0.71,non-CYT
892,0.41,0.52,NA,0.22,NA,0,0.52,0.44,non-CYT
893,0.51,0.61,0.5,0.23,0.5,0,0.52,0.61,non-CYT
894,0.59,0.47,0.51,0.53,0.5,0,0.53,0.26,CYT
895,0.4,0.6,0.5,NA,0.5,0,0.51,0.22,CYT
896,0.54,0.53,0.53,0.17,0.5,0,0.51,NA,non-CYT
897,0.61,0.46,0.54,0.11,0.5,0,0.47,0.22,CYT
898,0.66,0.55,0.54,0.18,0.5,0,0.43,0.22,CYT
899,NA,0.46,0.54,0.37,0.5,0,NA,0.3,non-CYT
900,NA,0.41,0.43,0.61,0.5,0,0.53,0.22,non-CYT
901,0.58,0.31,0.6,0.12,0.5,0,0.47,0.33,non-CYT
902,0.49,0.67,0.5,NA,0.5,0,0.43,0.22,non-CYT
903,0.44,0.33,NA,0.16,0.5,0,0.49,0.22,non-CYT
904,0.44,0.45,0.53,0.19,0.5,0,0.41,0.28,non-CYT
905,0.57,0.55,0.52,0.16,0.5,0,0.49,0.39,non-CYT
906,0.45,0.66,0.39,0.11,0.5,0,0.54,0.22,non-CYT
907,0.32,0.49,0.53,0.28,0.5,0,0.5,0.5,non-CYT
908,0.35,0.42,0.56,0.28,0.5,0,0.47,0.22,non-CYT
909,0.46,0.41,0.58,0.1,0.5,0,0.48,0.22,non-CYT
910,0.57,0.51,0.58,0.22,0.5,0,0.51,0.22,non-CYT
911,0.47,0.47,0.54,0.19,0.5,0,0.51,0.33,non-CYT
912,0.34,0.58,0.5,0.26,0.5,0,0.51,0.22,non-CYT
913,0.55,0.45,0.58,0.25,0.5,0,0.49,0.22,non-CYT
914,0.4,0.66,0.34,0.21,0.5,0,0.52,0.26,non-CYT
915,0.42,0.21,0.59,0.3,0.5,0,NA,0.27,non-CYT
916,0.6,0.48,0.46,NA,0.5,0,0.4,0.33,CYT
917,0.64,0.44,0.51,0.35,0.5,0,0.53,0.22,CYT
918,0.35,0.4,0.44,0.25,0.5,0,0.53,0.57,non-CYT
919,0.55,0.38,0.64,0.42,0.5,0,0.47,0.22,non-CYT
920,NA,0.43,0.5,0.25,0.5,0,0.47,0.22,non-CYT
921,0.47,0.53,0.48,0.51,0.5,0,0.54,NA,non-CYT
922,0.45,0.49,0.57,0.25,0.5,0,0.48,0.22,non-CYT
923,0.45,0.52,0.5,0.12,0.5,0,NA,0.22,CYT
924,0.56,0.51,0.32,0.49,0.5,0,0.48,0.22,non-CYT
925,NA,0.58,0.5,0.22,0.5,0,0.47,0.22,non-CYT
926,0.47,0.45,0.51,0.33,0.5,0,0.46,0.26,non-CYT
927,0.5,0.36,0.64,0.37,0.5,0,0.37,0.33,non-CYT
928,0.43,0.44,0.64,0.19,0.5,0,0.38,0.33,non-CYT
929,0.38,0.4,0.59,0.25,0.5,0,0.44,0.22,CYT
930,0.39,0.39,0.59,0.25,0.5,0,0.45,0.22,CYT
931,0.54,0.55,0.56,0.14,0.5,0,0.5,0.25,CYT
932,0.45,0.5,0.57,0.29,0.5,0,0.44,0.11,CYT
933,0.45,0.5,0.57,0.29,0.5,0,0.44,0.11,CYT
934,NA,0.38,0.57,0.36,0.5,0,0.44,0.21,CYT
935,0.61,0.38,0.57,0.36,0.5,0,0.44,0.21,CYT
936,0.43,0.33,0.54,0.37,0.5,0,0.38,0.16,CYT
937,0.43,0.33,0.54,0.37,0.5,0,0.38,0.16,CYT
938,0.51,0.39,0.58,0.19,0.5,0,0.47,0.22,CYT
939,0.72,0.51,0.52,0.08,0.5,0,0.54,0.22,non-CYT
940,0.35,0.41,0.53,0.27,0.5,0,0.47,0.29,non-CYT
941,0.56,0.49,0.54,0.15,0.5,0,0.5,0.35,non-CYT
942,0.57,0.37,0.43,0.27,0.5,0,NA,0.28,non-CYT
943,0.57,0.49,0.61,0.26,0.5,0,0.52,0.22,non-CYT
944,0.48,0.45,0.63,NA,0.5,0,0.58,0.22,non-CYT
945,0.34,0.48,0.47,0.19,0.5,0,0.5,0.3,non-CYT
946,0.54,0.57,0.55,0.18,0.5,0,0.5,0.22,non-CYT
947,0.38,0.44,NA,0.44,0.5,0,0.47,0.51,non-CYT
948,0.4,0.3,0.57,0.13,0.5,0,0.46,NA,non-CYT
949,0.27,0.31,0.55,0.13,0.5,0,0.5,0.22,non-CYT
950,0.52,0.46,0.56,0.25,0.5,0,0.52,NA,non-CYT
951,0.44,0.5,0.55,NA,0.5,0,0.48,0.22,non-CYT
952,0.34,0.47,0.48,0.32,0.5,0,0.42,0.22,non-CYT
953,0.5,0.56,NA,0.25,0.5,0,0.42,0.22,non-CYT
954,0.46,0.53,0.47,0.37,0.5,0,0.51,0.36,non-CYT
955,0.31,0.6,0.65,0.18,0.5,0,0.46,0.22,non-CYT
956,0.57,0.42,0.63,0.22,0.5,0,0.68,NA,non-CYT
957,0.37,0.45,0.53,0.14,0.5,0,0.49,0.22,non-CYT
958,0.38,0.38,0.54,0.24,0.5,0,0.54,0.22,non-CYT
959,0.36,0.49,NA,0.21,0.5,0,0.55,0.33,non-CYT
960,0.29,0.4,0.5,0.16,0.5,0,0.51,0.34,non-CYT
961,0.37,0.3,0.51,0.15,0.5,0,0.58,0.26,non-CYT
962,0.35,0.33,0.48,0.42,0.5,0,0.47,0.43,CYT
963,0.46,0.35,NA,0.18,0.5,0,0.3,0.25,CYT
964,0.46,0.35,0.69,0.18,0.5,0,NA,0.25,CYT
965,NA,0.43,0.52,0.3,0.5,0,0.37,0.11,CYT
966,0.57,0.43,0.52,0.3,0.5,0,0.37,0.11,CYT
967,NA,0.51,0.48,0.12,0.5,0,0.54,0.31,CYT
968,0.59,0.51,0.48,0.12,0.5,0,0.54,0.31,CYT
969,0.61,0.53,0.59,0.17,0.5,0,NA,0.28,CYT
970,0.61,0.48,0.56,0.19,0.5,0,0.53,0.31,CYT
971,0.61,0.48,0.56,0.19,0.5,0,0.53,0.31,CYT
972,0.44,0.56,NA,0.18,0.5,0,0.5,0.11,CYT
973,0.36,0.56,0.52,0.18,0.5,0,0.45,0.16,CYT
974,0.37,0.44,0.64,0.48,0.5,0,0.36,0.27,CYT
975,NA,0.37,0.63,0.38,0.5,0,0.4,0.14,CYT
976,NA,0.37,0.63,NA,0.5,0,0.4,0.14,CYT
977,0.44,0.36,0.64,0.45,0.5,0,0.53,0.11,CYT
978,0.58,0.45,0.55,NA,0.5,0,0.48,0.11,CYT
979,0.63,0.64,0.45,0.26,0.5,0,0.43,0.22,CYT
980,0.63,0.64,0.45,0.26,0.5,0,0.43,0.22,CYT
981,0.43,0.33,0.67,0.12,0.5,0,0.45,NA,CYT
982,0.43,0.33,0.67,0.12,0.5,0,0.43,0.23,CYT
983,0.58,0.44,0.5,NA,0.5,0,0.52,0.22,CYT
984,0.38,0.43,0.53,0.22,0.5,0,0.48,0.11,CYT
985,0.4,0.45,0.61,0.29,0.5,0,0.44,0.22,CYT
986,0.4,0.45,0.61,0.29,0.5,0,0.44,0.22,CYT
987,0.34,0.34,NA,0.4,0.5,0,0.32,0.16,CYT
988,0.34,0.34,0.65,0.4,0.5,0,0.32,0.16,CYT
989,0.43,0.22,0.79,0.79,0.5,0,0.22,0,CYT
990,0.35,0.21,1,0.8,0.5,0,0.13,0.01,CYT
991,0.35,0.21,1,0.8,NA,0,0.13,0.01,CYT
992,0.56,0.35,0.47,0.41,0.5,0,0.5,0.22,CYT
993,0.56,0.35,0.47,0.35,0.5,0,0.52,0.22,CYT
994,0.54,0.44,0.55,0.48,0.5,0,0.47,0.22,CYT
995,0.35,0.39,0.56,0.2,0.5,0,0.49,0.41,CYT
996,0.48,0.46,0.58,0.16,0.5,0,0.45,NA,CYT
997,0.48,0.55,NA,0.1,0.5,0,0.55,0.22,CYT
998,0.66,0.6,0.52,0.19,0.5,0,0.69,0.22,CYT
999,0.69,0.54,0.55,0.23,0.5,0,0.73,NA,CYT
1000,0.73,0.6,0.47,NA,0.5,0,0.72,0.22,CYT
1001,0.78,0.82,0.56,0.21,0.5,0,0.69,0.22,CYT
1002,0.42,0.49,0.49,0.36,0.5,0,0.57,0.26,non-CYT
1003,0.44,0.62,0.53,0.27,0.5,0,0.49,0.22,non-CYT
1004,0.56,0.61,0.52,0.19,0.5,0,0.52,0.32,non-CYT
1005,0.47,0.56,NA,0.5,0.5,0,0.51,0.22,non-CYT
1006,0.46,0.33,0.45,0.22,0.5,0,0.41,0.37,CYT
1007,0.52,0.43,0.61,0.22,0.5,0,0.45,0.22,CYT
1008,0.52,0.43,0.61,0.22,0.5,0,0.45,0.22,CYT
1009,0.32,0.44,0.54,0.21,0.5,0,0.4,0.19,CYT
1010,0.32,0.44,0.54,NA,0.5,0,0.4,0.19,CYT
1011,0.48,0.41,0.52,0.33,0.5,0,0.51,0.26,CYT
1012,0.46,0.39,0.54,0.22,0.5,0,0.48,4.501091644,CYT
1013,0.46,0.39,0.54,0.22,0.5,0,0.48,0.25,CYT
1014,0.42,0.5,0.64,0.13,0.5,0,0.49,0.22,CYT
1015,0.46,0.54,0.59,NA,0.5,0,0.53,0.21,CYT
1016,0.46,0.54,0.59,NA,0.5,0,0.53,0.21,CYT
1017,0.39,0.65,0.57,0.19,0.5,0,0.44,0.25,CYT
1018,0.39,0.65,0.57,0.19,0.5,0,NA,NA,CYT
1019,0.38,0.5,0.52,0.44,0.5,0,0.54,0.11,CYT
1020,0.38,0.5,0.52,0.44,0.5,0,0.54,0.11,CYT
1021,0.51,NA,0.58,0.17,0.5,0,0.47,0.28,CYT
1022,0.57,0.48,0.54,0.22,0.5,0,0.5,0.11,CYT
1023,0.5,0.5,NA,0.23,0.5,0,0.35,0.11,CYT
1024,NA,0.49,0.65,0.28,0.5,0,0.59,0.57,CYT
1025,0.53,0.57,0.6,0.36,0.5,0,0.5,0.22,CYT
1026,0.53,0.57,0.6,0.36,0.5,0,0.5,0.22,CYT
1027,0.37,0.3,0.62,0.43,0.5,0,0.44,0.39,CYT
1028,0.37,0.3,0.62,0.43,0.5,0,0.44,0.39,CYT
1029,0.6,0.57,0.52,0.14,0.5,0,0.46,0.48,non-CYT
1030,0.42,0.38,0.52,0.29,0.5,0,0.42,0.22,non-CYT
1031,NA,0.46,0.58,0.08,0.5,0,0.51,0.28,non-CYT
1032,0.49,0.4,0.58,0.23,0.5,0,0.47,0.27,CYT
1033,0.37,0.37,0.51,0.38,0.5,0,0.44,0.22,CYT
1034,0.57,0.5,0.4,0.08,0.5,0,0.47,0.22,non-CYT
1035,NA,0.4,0.5,0.28,0.5,0,0.48,0.27,CYT
1036,0.34,0.25,0.55,0.28,0.5,0,0.51,0.49,CYT
1037,0.77,0.86,0.44,0.27,0.5,0,0.48,0.22,non-CYT
1038,0.59,0.54,0.53,NA,0.5,0,0.48,0.22,CYT
1039,0.5,0.48,0.48,0.23,0.5,0,0.53,0.68,CYT
1040,0.39,1,0.38,0.41,0.5,0,0.5,0.27,non-CYT
1041,0.56,0.42,0.52,0.14,0.5,0,0.51,0.22,CYT
1042,0.39,0.46,0.33,NA,0.5,0,0.53,0.22,non-CYT
1043,0.52,0.54,0.47,0.49,0.5,0,0.54,0.22,non-CYT
1044,0.46,0.49,0.55,0.18,0.5,0,0.56,0.22,non-CYT
1045,0.56,0.65,0.49,0.56,NA,0,0.49,0.22,non-CYT
1046,0.53,NA,0.55,0.57,0.5,0,0.46,0.22,non-CYT
1047,0.54,0.64,0.4,0.56,0.5,0,0.51,0.22,non-CYT
1048,0.47,0.58,0.47,0.52,0.5,0,0.54,NA,non-CYT
1049,0.46,0.42,0.51,0.16,0.5,0,0.56,0.22,CYT
1050,0.6,0.51,0.49,0.18,0.5,0,0.53,0.38,CYT
1051,0.85,0.66,0.49,0.18,0.5,0,0.51,0.22,non-CYT
1052,0.55,0.52,0.44,0.2,0.5,0,0.56,0.22,non-CYT
1053,NA,0.38,0.56,0.09,0.5,0,0.46,0.22,CYT
1054,0.38,0.4,0.53,0.12,0.5,0,0.55,0.22,CYT
1055,0.55,0.55,0.52,0.13,0.5,0,NA,0.25,CYT
1056,0.46,0.44,0.58,0.17,0.5,0,0.55,0.22,CYT
1057,0.34,0.46,0.52,0.19,0.5,0,NA,0.26,CYT
1058,0.58,0.56,0.46,0.14,0.5,0,0.51,0.22,CYT
1059,0.46,0.47,NA,0.18,1,0,0.46,0.22,non-CYT
1060,0.44,0.71,0.5,0.21,0.5,0,0.54,0.27,CYT
1061,0.56,0.49,0.32,0.22,0.5,0,0.5,0.22,non-CYT
1062,0.41,0.49,0.47,0.09,0.5,0,0.49,0.22,CYT
1063,0.44,0.51,0.53,0.3,0.5,0,0.53,0.22,CYT
1064,0.54,0.51,0.56,0.15,0.5,0,0.54,0.31,CYT
1065,0.51,NA,0.32,NA,0.5,0,NA,0.22,non-CYT
1066,0.46,0.38,0.51,0.2,NA,0,0.51,0.22,CYT
1067,NA,NA,0.35,NA,0.5,0,0.49,0.22,non-CYT
1068,0.54,0.44,0.35,0.19,NA,0,NA,0.27,non-CYT
1069,0.65,NA,NA,0.12,0.5,0,0.52,0.27,non-CYT
1070,0.41,0.4,0.56,0.17,0.5,0,0.56,0.22,CYT
1071,0.39,0.71,0.38,0.14,0.5,0,0.5,0.22,non-CYT
1072,0.37,0.42,0.46,0.15,0.5,0,0.51,0.31,non-CYT
1073,0.59,0.55,0.57,0.18,0.5,0,0.51,0.22,CYT
1074,0.48,0.51,NA,0.24,0.5,0,0.54,0.38,CYT
1075,0.39,0.3,0.63,0.2,0.5,0,0.43,0.47,CYT
1076,0.47,0.52,0.54,0.25,0.5,0,0.54,0.29,non-CYT
1077,0.77,0.82,0.4,0.36,0.5,0,0.38,NA,non-CYT
1078,NA,0.55,0.39,0.09,1,0,0.55,0.25,non-CYT
1079,0.42,NA,0.33,0.23,0.5,0,0.39,0.26,non-CYT
1080,0.47,0.37,0.46,0.28,0.5,0,0.52,0.99,non-CYT
1081,0.48,0.5,0.47,0.29,0.5,0,0.46,0.27,non-CYT
1082,0.3,0.33,0.55,0.12,0.5,0,NA,0.38,CYT
1083,0.49,0.49,0.52,0.18,0.5,0,NA,0.25,non-CYT
1084,0.54,0.59,0.57,0.34,0.5,0,0.49,0.22,non-CYT
1085,0.7,0.78,0.53,0.24,0.5,0,0.48,0.22,non-CYT
1086,0.85,0.69,0.34,0.31,0.5,0,0.57,0.3,non-CYT
1087,0.56,0.59,0.45,0.15,0.5,0,0.54,0.22,non-CYT
1088,0.47,0.56,0.53,0.44,0.5,0,0.53,0.22,non-CYT
1089,0.53,0.49,0.47,0.21,0.5,0,0.53,NA,CYT
1090,0.7,0.57,0.34,0.19,0.5,0,0.53,0.27,non-CYT
1091,0.42,0.43,0.67,0.7,0.5,0,0.42,0.25,CYT
1092,0.47,0.44,0.53,0.18,0.5,0,0.47,0.29,non-CYT
1093,0.4,0.49,0.53,NA,0.5,0,0.44,0.26,non-CYT
1094,0.45,0.65,0.51,0.17,0.5,0,0.49,0.22,non-CYT
1095,0.42,0.42,0.55,0.31,0.5,0,NA,0.22,non-CYT
1096,0.45,0.41,0.53,0.49,0.5,0,0.49,0.31,non-CYT
1097,0.42,0.28,0.49,0.22,0.5,0,0.55,0.34,non-CYT
1098,0.47,NA,0.47,0.22,0.5,0,0.53,0.45,non-CYT
1099,0.33,0.42,0.55,0.23,0.5,0,0.52,0.43,non-CYT
1100,0.56,0.55,0.57,0.15,0.5,0,0.54,0.25,CYT
1101,0.37,0.47,0.49,0.12,0.5,0,0.47,0.31,non-CYT
1102,0.32,0.6,0.48,0.13,0.5,0,0.53,0.22,non-CYT
1103,0.38,0.42,0.31,3.000727763,0.5,0,0.52,0.22,non-CYT
1104,0.46,0.56,0.56,0.25,0.5,0,0.43,0.22,non-CYT
1105,NA,0.55,0.57,0.17,0.5,0,0.52,0.66,non-CYT
1106,0.37,0.55,0.52,0.13,0.5,0,0.42,0.8,CYT
1107,0.46,0.48,0.38,0.22,0.5,0,NA,0.45,non-CYT
1108,0.8,0.69,0.53,0.33,0.5,0,NA,0.22,non-CYT
1109,0.52,0.65,0.36,0.37,0.5,0,0.52,0.34,non-CYT
1110,0.19,0.16,0.68,NA,3.500849057,0,0.49,0.21,non-CYT
1111,0.64,0.31,0.53,0.15,0.5,0,0.53,0.31,CYT
1112,0.4,0.43,0.36,0.33,0.5,0,0.51,0.22,non-CYT
1113,0.47,0.56,0.51,0.2,0.5,0,0.52,0.59,non-CYT
1114,0.4,0.75,0.44,0.12,0.5,0,0.49,0.22,non-CYT
1115,0.48,0.55,NA,0.18,0.5,0,0.38,0.69,non-CYT
1116,0.57,0.51,0.34,0.13,0.5,0,0.53,0.27,non-CYT
1117,0.23,0.37,0.32,0.13,0.5,0,0.53,0.22,non-CYT
1118,0.54,0.5,0.51,0.26,0.5,0,0.52,0.22,CYT
1119,0.6,0.64,0.56,0.36,0.5,0,0.46,0.27,CYT
1120,0.27,0.41,NA,0.2,0.5,0,NA,0.22,non-CYT
1121,0.25,0.35,0.22,0.18,0.5,0,0.46,0.22,non-CYT
1122,0.39,0.45,0.51,0.29,0.5,0,NA,0.22,CYT
1123,NA,0.47,0.55,0.24,0.5,0,0.45,0.67,non-CYT
1124,0.37,0.4,0.38,0.18,0.5,0,0.51,0.22,non-CYT
1125,0.43,0.47,0.47,0.18,0.5,0,0.47,0.22,CYT
1126,0.66,0.43,0.57,0.6,NA,0,0.19,0.33,non-CYT
1127,0.55,0.4,0.62,0.22,0.5,0,0.37,0.28,non-CYT
1128,NA,0.46,0.6,0.18,0.5,0,0.51,0.26,non-CYT
1129,0.51,0.5,0.54,0.11,0.5,0,0.6,0.22,non-CYT
1130,0.54,0.6,0.57,0.17,0.5,0,0.44,0.22,non-CYT
1131,0.45,0.57,0.38,0.28,0.5,0,0.53,0.31,non-CYT
1132,0.55,0.57,0.51,0.07,0.5,0,0.55,0.22,CYT
1133,0.54,0.47,0.58,0.4,0.5,0,0.46,0.27,non-CYT
1134,0.36,0.32,0.55,0.27,0.5,0,0.47,0.43,non-CYT
1135,0.46,0.41,0.45,0.23,0.5,0,0.48,0.22,non-CYT
1136,0.4,0.39,0.6,0.23,0.5,0,0.52,0.31,non-CYT
1137,0.52,0.47,0.58,0.18,0.5,0,6.001455526,0.11,CYT
1138,0.52,0.47,0.58,0.18,0.5,0,0.34,0.11,CYT
1139,0.5,0.45,0.51,0.19,0.5,0,0.53,0.25,CYT
1140,0.57,0.55,0.51,0.18,0.5,0,0.51,0.43,non-CYT
1141,0.44,0.43,0.46,0.28,0.5,0,NA,0.29,non-CYT
1142,0.46,0.5,0.5,0.28,0.5,0,0.5,0.37,non-CYT
1143,0.66,0.65,0.54,0.4,0.5,0,0.51,0.22,non-CYT
1144,0.77,0.73,0.49,0.46,0.5,0,0.38,0.22,non-CYT
1145,0.38,0.58,0.46,0.21,0.5,0,0.52,0.22,non-CYT
1146,0.32,0.68,0.51,0.16,0.5,0.83,0.55,0.22,non-CYT
1147,0.27,0.46,NA,0.17,0.5,0,NA,0.44,non-CYT
1148,0.52,0.45,0.45,0.13,0.5,0,0.48,0.22,non-CYT
1149,0.37,0.29,0.45,0.15,0.5,0,0.49,0.22,non-CYT
1150,0.37,0.48,0.67,0.37,0.5,0,0.56,0.62,non-CYT
1151,0.44,0.59,NA,0.18,0.5,0,0.49,0.22,non-CYT
1152,0.48,0.65,0.36,NA,0.5,0,0.54,0.31,non-CYT
1153,NA,0.49,0.45,0.22,0.5,0,0.45,0.31,non-CYT
1154,0.73,0.52,0.59,0.25,0.5,0,0.51,0.22,non-CYT
1155,0.5,0.43,0.5,0.17,0.5,0,0.46,0.47,non-CYT
1156,NA,0.13,0.51,0.16,0.5,0,0.53,0.51,non-CYT
1157,0.49,0.6,0.54,0.35,0.5,0,0.53,0.46,non-CYT
1158,0.52,0.31,0.56,0.16,0.5,0,0.55,0.22,non-CYT
1159,0.49,0.48,0.51,0.21,0.5,0,0.53,0.22,non-CYT
1160,0.49,0.6,0.42,0.18,0.5,0,0.58,0.28,non-CYT
1161,0.6,0.62,NA,0.11,0.5,0,0.51,0.22,non-CYT
1162,0.55,0.47,NA,0.2,0.5,0,0.4,0.22,non-CYT
1163,0.47,NA,0.51,NA,0.5,0,0.54,0.27,non-CYT
1164,NA,0.25,0.59,0.27,0.5,0,0.45,0.26,non-CYT
1165,0.31,0.5,0.54,0.32,0.5,0,0.53,0.31,non-CYT
1166,0.25,0.33,NA,0.18,0.5,0,0.42,0.33,non-CYT
1167,0.55,0.46,0.47,0.15,0.5,0,0.47,0.22,non-CYT
1168,NA,0.5,0.61,0.21,0.5,0,0.55,0.54,CYT
1169,NA,0.52,0.51,0.22,0.5,0,0.46,0.37,CYT
1170,NA,0.33,0.49,0.24,0.5,0,0.51,0.42,CYT
1171,0.56,0.52,0.46,0.17,0.5,0,0.49,0.73,CYT
1172,NA,0.56,0.55,0.16,0.5,0,0.53,0.39,CYT
1173,0.53,0.48,0.51,0.18,0.5,0,0.52,0.27,CYT
1174,0.51,0.48,0.51,0.19,0.5,0,0.51,0.27,CYT
1175,0.51,0.48,0.51,0.26,NA,0,0.51,0.27,CYT
1176,0.53,0.48,0.51,0.18,0.5,0,0.51,0.27,CYT
1177,0.6,0.46,0.51,0.1,0.5,0,0.48,0.31,CYT
1178,0.6,0.46,0.51,0.1,0.5,0,0.48,0.31,CYT
1179,0.44,0.39,0.63,0.11,0.5,0,0.49,0.26,non-CYT
1180,0.51,0.5,0.49,0.45,0.5,0,0.48,0.22,non-CYT
1181,0.45,0.45,0.51,0.3,0.5,0,0.48,0.44,CYT
1182,0.38,0.42,NA,0.12,0.5,0,0.47,0.53,non-CYT
1183,0.19,0.66,0.6,NA,0.5,0,0.2,0.25,non-CYT
1184,0.41,0.42,0.23,NA,NA,0,0.4,0.22,non-CYT
1185,0.25,0.42,0.21,0.14,0.5,0,0.41,0.22,non-CYT
1186,0.7,0.58,NA,0.39,0.5,0,0.59,0.22,non-CYT
1187,0.49,0.31,NA,0.24,0.5,0,0.54,0.22,non-CYT
1188,0.46,0.41,0.43,0.18,0.5,0,0.54,0.22,non-CYT
1189,0.83,0.81,0.45,0.38,0.5,0,0.4,0.26,non-CYT
1190,0.38,0.51,0.56,0.21,0.5,0,0.48,0.31,non-CYT
1191,0.32,0.36,NA,0.38,0.5,0,0.5,0.4,non-CYT
1192,0.4,0.65,0.38,0.17,0.5,0,NA,0.22,non-CYT
1193,0.36,0.37,0.63,NA,0.5,0,0.3,0.22,CYT
1194,0.49,0.55,0.41,0.19,0.5,0,0.48,0.31,non-CYT
1195,0.3,0.45,0.55,0.19,0.5,0,0.53,NA,CYT
1196,NA,0.72,NA,NA,0.5,0,0.52,0.33,non-CYT
1197,NA,0.4,0.53,0.19,0.5,0,0.48,0.27,CYT
1198,0.45,0.57,0.52,0.21,0.5,0,0.54,0.38,non-CYT
1199,NA,0.61,0.38,0.35,0.5,0,0.49,NA,non-CYT
1200,0.55,0.41,0.67,0.61,0.5,0,NA,0.14,non-CYT
1201,0.28,0.18,0.72,0.26,0.5,0,0.49,0.25,non-CYT
1202,0.66,0.65,0.53,0.17,0.5,0,0.47,0.66,non-CYT
1203,0.36,0.5,0.39,0.23,0.5,0,0.5,0.22,non-CYT
1204,0.48,NA,0.56,0.29,0.5,0,0.51,0.43,non-CYT
1205,0.33,0.37,0.49,0.22,0.5,0,0.55,0.22,CYT
1206,0.58,0.43,0.32,0.11,0.5,0,0.49,0.22,non-CYT
1207,0.58,0.64,0.42,NA,0.5,0,0.54,0.22,non-CYT
1208,0.74,0.82,0.46,0.24,0.5,0,0.5,0.31,non-CYT
1209,0.74,0.82,0.46,0.24,0.5,0,0.48,0.22,non-CYT
1210,0.75,0.76,0.58,0.22,0.5,0,0.49,0.22,non-CYT
1211,0.58,0.37,0.58,0.16,0.5,0,0.51,0.22,non-CYT
1212,0.39,0.39,0.65,0.16,NA,0,0.45,0.22,CYT
1213,0.51,0.59,0.55,0.21,0.5,0,0.52,0.22,CYT
1214,0.41,0.35,0.6,0.22,0.5,0,0.56,0.79,CYT
1215,0.43,0.28,0.41,0.32,0.5,0,0.52,0.22,non-CYT
1216,0.41,0.49,0.55,0.13,0.5,0,0.55,0.22,CYT
1217,0.23,0.29,NA,0,0.5,0,0.43,NA,CYT
1218,0.25,0.48,0.45,0.32,0.5,0,0.4,NA,CYT
1219,NA,0.34,0.55,0.44,0.5,0,0.48,0.26,CYT
1220,0.61,0.54,0.54,0.38,0.5,0,0.54,0.29,non-CYT
1221,0.48,0.17,0.37,0.33,0.5,0,0.44,0.36,non-CYT
1222,0.47,0.47,0.5,NA,0.5,0,0.51,0.26,non-CYT
1223,0.55,0.38,0.52,0.16,0.5,0,0.49,0.64,non-CYT
1224,0.41,0.39,0.61,0.17,NA,0,0.5,0.61,non-CYT
1225,0.41,0.56,0.53,0.16,NA,0,0.55,0.26,non-CYT
1226,0.78,0.73,0.27,0.28,0.5,0,0.56,0.22,non-CYT
1227,0.31,0.51,0.38,0.18,0.5,0,0.46,0.31,non-CYT
1228,0.63,0.64,0.49,0.2,0.5,0,0.52,0.25,CYT
1229,0.31,0.4,0.31,0.17,0.5,0,0.52,0.22,non-CYT
1230,0.44,0.65,0.49,0.16,0.5,0,0.48,0.31,non-CYT
1231,0.48,0.44,0.46,0.37,0.5,0,0.46,0.36,CYT
1232,0.5,0.49,0.46,0.22,0.5,0,0.53,0.25,CYT
1233,0.62,0.42,0.47,0.16,0.5,0,0.52,0.22,CYT
1234,0.5,0.45,0.52,0.18,0.5,0,0.52,0.22,CYT
1235,0.59,0.51,0.47,0.21,0.5,0,0.47,0.22,CYT
1236,0.39,0.47,0.49,0.2,0.5,0,0.53,0.26,CYT
1237,0.49,0.48,0.52,0.24,0.5,0,0.5,0.22,CYT
1238,0.59,0.48,0.49,0.42,0.5,0,0.52,0.22,CYT
1239,0.57,0.35,0.5,0.43,0.5,0,0.53,0.22,CYT
1240,0.61,0.52,0.5,0.44,0.5,0,0.53,0.22,CYT
1241,0.49,0.51,0.52,0.13,0.5,0,NA,0.33,non-CYT
1242,NA,0.4,NA,0.15,0.5,0,0.52,NA,non-CYT
1243,0.63,0.43,0.48,0.11,0.5,0,0.51,0.22,CYT
1244,0.63,0.43,0.48,0.11,0.5,0,0.51,0.22,CYT
1245,0.52,0.45,0.53,0.34,0.5,0,0.52,0.44,CYT
1246,0.54,0.48,0.55,0.33,0.5,0,0.55,0.4,CYT
1247,0.55,0.79,0.45,0.25,0.5,0,0.51,0.22,non-CYT
1248,0.58,0.51,0.63,0.2,0.5,0,0.5,0.42,non-CYT
1249,0.63,0.58,0.57,0.1,0.5,0,0.52,0.33,non-CYT
1250,0.54,0.67,0.56,0.15,0.5,0,0.57,0.33,non-CYT
1251,0.41,0.59,0.65,NA,0.5,0,0.49,0.33,non-CYT
1252,0.47,0.38,0.5,0.15,0.5,0,0.49,0.47,non-CYT
1253,0.33,0.17,0.52,0.13,0.5,0,0.51,0.75,non-CYT
1254,0.42,0.5,0.59,0.17,0.5,0,0.51,0.22,CYT
1255,0.54,0.55,0.55,0.4,0.5,0,0.53,0.22,CYT
1256,0.31,0.31,0.57,0.15,0.5,0,0.5,0.22,CYT
1257,0.38,0.42,0.5,0.19,0.5,0,0.44,0.22,CYT
1258,0.33,0.36,0.62,0.26,0.5,0,0.55,0.22,CYT
1259,0.38,0.42,0.5,0.19,0.5,0,0.44,0.22,CYT
1260,0.47,0.56,0.58,0.19,0.5,0,0.44,0.64,CYT
1261,0.32,NA,0.52,0.18,0.5,0,0.48,0.34,CYT
1262,0.28,0.27,0.5,0.14,NA,0,0.5,0.28,CYT
1263,0.41,0.46,NA,NA,0.5,0,0.57,0.38,CYT
1264,0.44,0.54,0.51,0.16,0.5,0,0.58,0.22,CYT
1265,0.44,0.55,0.51,0.16,0.5,0,NA,0.22,CYT
1266,0.77,0.7,0.44,0.29,0.5,0,0.56,0.22,non-CYT
1267,0.4,0.56,0.53,0.15,0.5,0,0.49,0.22,CYT
1268,0.79,0.79,0.42,0.26,0.5,0,0.6,0.22,non-CYT
1269,0.8,0.83,0.43,0.24,0.5,0,0.54,0.22,non-CYT
1270,0.58,0.55,0.51,0.13,0.5,0,0.52,0.22,CYT
1271,0.55,0.69,0.51,0.12,0.5,0,0.51,0.22,CYT
1272,0.47,0.46,0.53,0.12,0.5,0,0.51,0.25,non-CYT
1273,0.57,0.29,0.63,0.22,0.5,0,0.49,0.27,non-CYT
1274,0.52,0.49,0.59,0.21,0.5,0,0.47,0.22,non-CYT
1275,0.41,0.42,0.53,0.17,0.5,0,0.48,0.58,non-CYT
1276,0.45,0.36,0.5,0.19,0.5,0,0.53,0.7,non-CYT
1277,0.53,0.51,0.54,0.21,0.5,0,0.45,0.22,non-CYT
1278,0.49,0.5,0.42,0.43,0.5,0,0.5,0.36,non-CYT
1279,0.44,0.49,0.49,0.27,0.5,0,0.52,0.22,CYT
1280,0.25,0.26,0.53,0.17,0.5,0,0.45,0.22,CYT
1281,0.49,0.46,7.501819407,0.18,0.5,0,0.35,0.22,CYT
1282,0.42,0.37,0.54,0.17,0.5,0,0.51,0.22,CYT
1283,0.42,0.45,0.75,0.21,0.5,0,0.48,0.22,CYT
1284,0.39,0.45,NA,0.17,0.5,0,0.51,0.22,CYT
1285,0.63,0.54,0.53,0.27,0.5,0,0.49,0.22,CYT
1286,NA,0.43,0.48,0.27,0.5,0,0.44,0.41,CYT
1287,0.4,0.44,0.5,0.13,0.5,0,0.52,NA,CYT
1288,0.55,0.39,0.39,NA,0.5,0,0.5,0.83,non-CYT
1289,0.59,0.48,0.41,0.53,0.5,0,0.48,0.56,non-CYT
1290,0.49,0.38,0.49,0.15,0.5,0,0.53,0.25,non-CYT
1291,0.53,0.45,0.52,0.29,0.5,0,0.55,0.38,non-CYT
1292,0.62,0.6,0.54,0.22,0.5,0,0.54,0.27,CYT
1293,0.33,0.46,0.53,NA,0.5,0,0.5,0.27,CYT
1294,0.57,0.36,NA,0.25,0.5,0,0.54,NA,CYT
1295,0.45,0.76,0.51,0.25,0.5,0,NA,0.22,CYT
1296,0.48,0.44,0.51,0.24,0.5,0,0.49,0.22,CYT
1297,0.59,0.64,0.44,0.26,0.5,0,0.5,NA,CYT
1298,0.79,0.56,0.53,0.19,0.5,0,0.47,0.35,CYT
1299,0.5,0.5,0.48,0.34,0.5,0,0.52,0.27,non-CYT
1300,0.79,0.62,0.35,0.35,0.5,0,0.6,0.28,non-CYT
1301,0.52,0.5,0.6,0.2,0.5,0,0.52,0.22,CYT
1302,0.59,0.46,0.57,0.17,0.5,0,0.52,0.22,CYT
1303,0.53,0.42,0.53,0.19,0.5,0,0.47,0.22,CYT
1304,0.59,0.46,0.55,0.17,0.5,0,0.52,0.25,CYT
1305,0.61,0.73,0.5,0.58,0.5,0,0.5,0.22,non-CYT
1306,0.5,0.43,0.56,0.17,0.5,0,0.35,0.22,non-CYT
1307,0.36,0.52,0.61,0.33,0.5,0,0.52,0.37,non-CYT
1308,0.66,0.54,0.53,0.17,0.5,0,0.54,0.22,CYT
1309,0.52,0.51,0.48,NA,0.5,0,0.54,0.31,CYT
1310,0.56,0.46,0.51,0.25,0.5,0,0.54,0.22,CYT
1311,0.47,0.46,0.49,0.27,0.5,0,0.59,NA,CYT
1312,0.5,0.46,0.49,0.27,0.5,0,0.6,0.22,CYT
1313,0.43,0.48,NA,0.26,0.5,0,0.52,0.22,non-CYT
1314,0.5,0.44,0.57,0.28,0.5,0,0.57,0.22,CYT
1315,0.46,0.47,NA,NA,0.5,0,0.38,0.22,CYT
1316,0.59,0.7,0.46,0.19,0.5,0,0.54,0.44,CYT
1317,0.19,0.41,0.55,0.13,0.5,0,0.52,0.25,CYT
1318,0.27,0.43,0.5,0.13,0.5,0,0.54,0.31,CYT
1319,0.42,0.46,0.44,0.17,0.5,0,0.51,0.42,CYT
1320,NA,0.36,0.47,0.28,0.5,0,0.56,0.54,non-CYT
1321,0.42,0.51,0.33,0.16,0.5,0,0.54,0.22,non-CYT
1322,0.34,0.42,0.48,NA,0.5,0,0.46,0.31,non-CYT
1323,0.6,0.57,0.63,0.22,0.5,0,0.5,0.49,non-CYT
1324,0.53,0.44,0.54,0.52,0.5,0,0.49,0.38,non-CYT
1325,NA,0.39,0.56,0.23,0.5,0,NA,0.22,CYT
1326,0.56,0.49,0.47,0.13,0.5,0,0.52,0.22,non-CYT
1327,0.47,0.59,0.56,0.09,0.5,0,NA,0.22,CYT
1328,0.4,0.28,0.58,0.44,0.5,0,0.41,0.22,CYT
1329,NA,0.35,0.55,0.19,0.5,0,0.3,0.22,CYT
1330,0.5,0.47,0.45,0.14,0.5,0,0.53,0.32,non-CYT
1331,0.55,0.49,0.6,0.18,0.5,0,0.51,0.22,non-CYT
1332,NA,0.44,0.5,0.09,0.5,0,0.55,0.22,non-CYT
1333,0.66,0.37,0.6,0.25,0.5,0,0.69,0.22,non-CYT
1334,0.51,0.49,0.48,0.55,0.5,0,0.52,0.58,CYT
1335,0.36,0.51,0.51,0.17,0.5,0,0.52,0.22,non-CYT
1336,NA,0.68,0.35,0.16,0.5,0,0.62,0.22,non-CYT
1337,0.44,0.35,0.55,0.14,0.5,0,0.52,0.22,non-CYT
1338,0.73,0.59,0.35,NA,0.5,0,0.54,0.22,non-CYT
1339,0.6,0.37,0.52,NA,0.5,0,0.55,0.26,non-CYT
1340,0.64,0.61,0.56,NA,0.5,0,0.54,0.22,non-CYT
1341,0.48,0.58,0.58,0.12,0.5,0,0.49,0.22,non-CYT
1342,0.65,NA,0.53,0.21,0.5,0,0.51,NA,non-CYT
1343,0.48,0.49,0.49,0.26,0.5,0,0.39,0.27,non-CYT
1344,0.57,0.54,0.32,0.15,0.5,0,0.52,0.25,non-CYT
1345,0.4,NA,0.32,0.16,0.5,0,0.51,0.27,non-CYT
1346,0.5,0.55,0.52,0.16,0.5,0,0.51,0.31,CYT
1347,0.65,0.63,0.47,0.22,0.5,0,0.52,0.27,CYT
1348,0.41,0.48,0.51,0.2,0.5,0,NA,0.22,CYT
1349,NA,0.4,0.54,0.16,0.5,0,NA,0.22,CYT
1350,0.63,0.56,0.52,0.21,0.5,0,0.5,NA,CYT
1351,0.56,0.68,0.42,0.36,0.5,0,0.49,0.22,CYT
1352,0.57,0.47,NA,0.17,0.5,0,0.52,0.26,non-CYT
1353,0.46,0.52,0.51,NA,0.5,0,0.47,0.22,CYT
1354,0.5,0.4,0.57,0.17,0.5,0,0.59,0.22,CYT
1355,0.78,0.71,0.35,0.25,0.5,0,0.49,0.22,non-CYT
1356,0.64,0.56,0.52,0.17,0.5,0,0.54,0.47,non-CYT
1357,1,0.8,0.29,NA,0.5,0,0.52,0.22,non-CYT
1358,0.51,0.39,0.56,0.55,0.5,0,0.46,0.64,non-CYT
1359,0.69,0.66,0.36,0.09,0.5,0,0.56,0.22,non-CYT
1360,0.4,0.45,NA,0.15,0.5,0,0.53,0.48,non-CYT
1361,NA,0.53,0.36,0.15,0.5,0,0.52,0.27,non-CYT
1362,0.39,0.63,0.41,0.27,0.5,0,0.49,0.22,non-CYT
1363,0.45,0.51,0.43,0.22,0.5,0,0.57,0.22,non-CYT
1364,0.77,0.78,0.27,0.37,0.5,0,NA,0.22,non-CYT
1365,0.88,0.75,0.41,0.36,0.5,0,0.43,0.22,non-CYT
1366,NA,0.49,0.4,0.2,0.5,0,0.48,0.26,non-CYT
1367,0.57,0.53,0.6,0.28,0.5,0,0.52,0.45,non-CYT
1368,0.53,0.52,0.49,0.27,0.5,0,0.51,0.22,CYT
1369,0.5,0.47,0.56,0.31,0.5,0,0.56,0.26,CYT
1370,NA,0.79,0.41,0.38,0.5,0,0.54,0.22,non-CYT
1371,0.33,NA,0.46,0.22,0.5,0,NA,0.33,non-CYT
1372,0.47,0.41,0.46,0.18,0.5,0,0.53,0.22,non-CYT
1373,0.45,0.39,0.46,0.29,0.5,0,NA,0.22,non-CYT
1374,0.59,0.56,0.5,0.48,0.5,0,0.46,0.22,non-CYT
1375,0.32,0.3,0.57,0.38,NA,0,0.5,0.25,non-CYT
1376,0.26,0.3,0.37,0.15,0.5,0,0.53,0.25,non-CYT
1377,0.28,0.41,0.46,0.18,0.5,0,0.47,NA,non-CYT
1378,0.45,0.5,NA,0.16,0.5,0,0.52,0.28,non-CYT
1379,0.24,0.25,0.57,0.28,0.5,0,0.51,0.11,CYT
1380,0.46,0.61,0.55,0.29,0.5,0,0.49,0.22,non-CYT
1381,0.54,0.44,0.38,0.22,0.5,0,0.54,0.3,non-CYT
1382,0.22,0.53,0.36,0.22,0.5,0,0.54,0.31,non-CYT
1383,0.25,0.41,0.47,0.14,0.5,0,0.56,0.68,non-CYT
1384,0.43,0.41,0.37,0.18,0.5,0,0.54,0.31,non-CYT
1385,0.4,0.44,0.47,0.25,0.5,0,0.54,0.56,non-CYT
1386,NA,0.59,0.38,0.12,0.5,0,0.5,0.22,non-CYT
1387,0.8,0.82,0.4,0.31,0.5,0,0.57,0.25,non-CYT
1388,0.29,0.39,0.46,0.36,0.5,0,0.51,0.22,non-CYT
1389,0.4,0.4,0.43,0.19,0.5,0.83,0.48,0.22,non-CYT
1390,0.57,0.52,NA,0.2,0.5,0.83,0.52,0.41,non-CYT
1391,0.43,0.6,0.4,0.12,0.5,0,0.49,0.29,non-CYT
1392,0.56,0.71,0.47,NA,0.5,0,0.52,0.22,non-CYT
1393,0.65,0.62,0.26,0.33,0.5,0,0.55,0.22,non-CYT
1394,0.77,0.7,0.37,0.12,0.5,0,0.49,0.26,non-CYT
1395,0.47,0.61,0.32,0.27,0.5,0,0.5,0.3,non-CYT
1396,0.71,0.51,0.49,0.23,0.5,0,0.3,0.32,non-CYT
1397,NA,0.48,0.49,0.49,0.5,0,0.36,0.32,CYT
1398,0.58,0.63,0.52,0.7,0.5,0,0.46,0.22,non-CYT
1399,0.3,0.68,0.41,NA,0.5,0,0.51,0.22,non-CYT
1400,0.74,0.73,0.32,0.2,0.5,0,0.55,0.22,non-CYT
1401,0.55,0.35,0.36,0.29,0.5,0,0.51,0.22,non-CYT
1402,0.35,0.32,0.31,0.16,0.5,0,0.56,0.22,non-CYT
1403,0.67,0.61,0.39,0.24,0.5,0,0.51,0.22,non-CYT
1404,0.69,0.57,0.39,0.19,0.5,0,NA,0.39,non-CYT
1405,0.47,0.41,0.53,0.27,0.5,0,0.47,0.25,non-CYT
1406,0.39,0.56,NA,0.18,0.5,0,NA,0.22,non-CYT
1407,0.51,0.38,0.42,0.21,0.5,0,0.46,0.34,non-CYT
1408,0.32,0.45,0.39,0.14,0.5,0,0.45,0.22,non-CYT
1409,NA,0.73,0.35,0.33,NA,0,0.49,0.28,non-CYT
1410,0.54,0.54,0.56,0.18,0.5,0,0.46,0.29,non-CYT
1411,0.71,0.64,0.42,0.28,0.5,0,0.43,0.22,non-CYT
1412,0.28,0.48,0.36,0.16,0.5,0,0.53,0.22,non-CYT
1413,NA,NA,0.45,0.32,0.5,0,NA,0.37,non-CYT
1414,0.52,0.65,0.36,0.26,0.5,0,0.44,0.22,non-CYT
1415,0.64,0.44,NA,0.15,0.5,0,0.56,NA,CYT
1416,0.48,0.58,0.47,NA,0.5,0,0.53,0.74,CYT
1417,0.42,0.71,0.45,0.15,0.5,0,0.48,0.22,non-CYT
1418,0.38,0.37,0.36,0.14,0.5,0,0.54,0.22,non-CYT
1419,0.4,0.4,0.44,0.37,0.5,0,0.53,0.25,non-CYT
1420,0.38,0.56,0.38,0.16,0.5,0,0.53,0.22,non-CYT
1421,0.8,0.79,0.43,0.25,0.5,0,0.52,0.22,non-CYT
1422,0.63,0.65,0.42,0.18,NA,0,0.54,NA,non-CYT
1423,0.47,0.4,0.63,0.19,0.5,0,0.52,0.32,non-CYT
1424,NA,0.94,0.32,NA,0.5,0,0.51,0.22,non-CYT
1425,0.61,0.76,0.3,0.16,0.5,0,0.45,0.41,non-CYT
1426,0.33,0.38,0.47,0.14,0.5,0,0.51,0.47,non-CYT
1427,0.38,0.67,0.33,NA,0.5,0,0.51,0.22,non-CYT
1428,0.39,0.33,0.33,0.23,0.5,0,0.47,0.22,non-CYT
1429,0.5,0.63,0.45,0.13,0.5,0,0.45,0.32,non-CYT
1430,0.2,0.6,0.5,0.29,0.5,0,0.51,0.22,non-CYT
1431,0.29,0.26,0.43,0.17,0.5,0,NA,0.3,non-CYT
1432,0.51,0.46,0.41,0.36,0.5,0,0.49,0.22,non-CYT
1433,0.92,0.66,0.52,0.23,0.5,0,0.53,0.22,non-CYT
1434,0.49,NA,0.37,0.2,0.5,0,0.53,0.22,non-CYT
1435,0.86,0.78,0.34,0.15,0.5,0,0.53,0.22,non-CYT
1436,0.38,0.44,0.57,0.14,0.5,0,0.53,0.52,non-CYT
1437,0.72,0.73,0.41,0.28,0.5,0,0.44,0.22,non-CYT
1438,0.8,0.73,0.47,0.19,0.5,0,0.49,0.22,non-CYT
1439,0.49,0.55,0.35,0.23,0.5,0,0.57,0.22,non-CYT
1440,0.63,0.71,0.44,0.53,0.5,0,0.52,0.22,non-CYT
1441,0.6,0.68,0.3,0.27,0.5,0,0.55,0.22,non-CYT
1442,0.4,0.43,0.49,0.17,0.5,0,0.51,0.36,non-CYT
1443,0.82,0.63,0.47,0.18,0.5,0,0.5,NA,non-CYT
1444,0.77,0.68,0.35,0.19,0.5,0,0.53,0.43,non-CYT
1445,0.51,0.59,0.46,0.13,0.5,0,0.48,0.22,non-CYT
1446,0.52,0.46,0.34,0.2,0.5,0,NA,0.25,non-CYT
1447,0.47,0.5,NA,0.63,0.5,0,0.38,0.16,CYT
1448,0.34,0.24,0.51,0.15,0.5,0,0.54,0.4,non-CYT
1449,0.35,0.29,0.46,0.14,0.5,0,0.54,0.66,non-CYT
1450,NA,0.67,0.49,0.16,0.5,0,0.47,0.28,non-CYT
1451,0.85,0.85,0.3,0.31,0.5,0,0.55,NA,non-CYT
1452,0.36,0.48,0.61,0.26,0.5,0,0.5,0.16,non-CYT
1453,0.41,0.25,0.59,0.44,0.5,0,0.6,0.69,non-CYT
1454,0.3,0.37,0.4,0.45,0.5,0,0.48,0.41,non-CYT
1455,0.57,0.59,0.49,0.86,0.5,0,0.47,0.22,non-CYT
1456,0.38,NA,0.39,0.19,0.5,0,0.46,0.62,non-CYT
1457,0.77,0.74,0.37,0.29,0.5,0,0.45,0.22,non-CYT
1458,0.47,0.38,0.58,NA,0.5,0,0.57,0.22,CYT
1459,0.5,0.61,0.44,0.2,0.5,0,0.49,NA,non-CYT
1460,0.41,0.45,0.46,0.23,0.5,0,0.5,0.7,CYT
1461,0.46,0.62,0.46,0.54,0.5,0,NA,0.27,non-CYT
1462,0.74,0.75,0.45,0.44,0.5,0,0.52,0.22,non-CYT
1463,NA,0.53,0.58,0.69,0.5,0,0.5,0.22,non-CYT
1464,0.41,0.47,0.5,0.14,0.5,0,0.53,0.37,non-CYT
1465,0.25,0.4,0.52,0.15,0.5,0,0.56,0.28,non-CYT
1466,0.58,0.56,0.38,NA,0.5,0,0.54,0.57,non-CYT
1467,0.32,0.29,0.29,0.08,0.5,0,0.52,0.22,non-CYT
1468,0.38,0.48,0.57,0.3,0.5,0,0.41,0.11,CYT
1469,0.39,0.58,NA,0.18,0.5,0,0.48,0.22,non-CYT
1470,NA,0.47,0.47,NA,0.5,0,0.44,0.26,non-CYT
1471,0.63,0.57,0.5,0.48,0.5,0,0.51,0.22,non-CYT
1472,0.51,0.45,0.62,0.25,0.5,0,0.59,0.22,non-CYT
1473,0.59,0.67,0.54,0.19,0.5,0,0.48,0.6,non-CYT
1474,0.6,0.61,0.54,0.11,0.5,0,0.46,0.22,CYT
1475,0.48,0.61,0.57,0.17,0.5,0,0.45,0.22,CYT
1476,0.71,0.5,0.5,0.18,0.5,0,0.46,0.22,CYT
1477,0.61,0.48,0.54,0.25,0.5,0,NA,0.22,CYT
1478,0.38,0.32,0.64,0.41,0.5,0,NA,NA,CYT
1479,0.38,0.4,0.66,0.35,0.5,0,NA,0.11,CYT
1480,0.81,NA,0.43,0.17,NA,0,0.53,0.22,non-CYT
1481,0.47,0.43,0.61,0.4,0.5,0,0.48,0.47,non-CYT
1482,0.67,0.57,0.36,NA,0.5,0,0.56,0.22,non-CYT
1483,0.43,0.4,0.6,0.16,0.5,0,0.53,0.39,non-CYT
1484,0.65,0.54,0.54,0.13,NA,0,0.53,0.22,CYT
